-- MySQL dump 10.13  Distrib 8.0.42, for Win64 (x86_64)
--
-- Host: localhost    Database: scribble_db_2
-- ------------------------------------------------------
-- Server version	8.0.42

/*!40101 SET @OLD_CHARACTER_SET_CLIENT=@@CHARACTER_SET_CLIENT */;
/*!40101 SET @OLD_CHARACTER_SET_RESULTS=@@CHARACTER_SET_RESULTS */;
/*!40101 SET @OLD_COLLATION_CONNECTION=@@COLLATION_CONNECTION */;
/*!50503 SET NAMES utf8 */;
/*!40103 SET @OLD_TIME_ZONE=@@TIME_ZONE */;
/*!40103 SET TIME_ZONE='+00:00' */;
/*!40014 SET @OLD_UNIQUE_CHECKS=@@UNIQUE_CHECKS, UNIQUE_CHECKS=0 */;
/*!40014 SET @OLD_FOREIGN_KEY_CHECKS=@@FOREIGN_KEY_CHECKS, FOREIGN_KEY_CHECKS=0 */;
/*!40101 SET @OLD_SQL_MODE=@@SQL_MODE, SQL_MODE='NO_AUTO_VALUE_ON_ZERO' */;
/*!40111 SET @OLD_SQL_NOTES=@@SQL_NOTES, SQL_NOTES=0 */;

USE testvm;
--

-- Table structure for table `book_authors`
--

DROP TABLE IF EXISTS `book_authors`;
/*!40101 SET @saved_cs_client     = @@character_set_client */;
/*!50503 SET character_set_client = utf8mb4 */;
CREATE TABLE `book_authors` (
  `book_author_id` int NOT NULL AUTO_INCREMENT,
  `book_id` int NOT NULL,
  `user_id` int NOT NULL,
  `role` enum('Owner','Co-Author') CHARACTER SET utf8mb4 COLLATE utf8mb4_general_ci DEFAULT 'Owner' COMMENT 'Defines the primary author and co-authors',
  `created_at` timestamp NOT NULL DEFAULT CURRENT_TIMESTAMP,
  PRIMARY KEY (`book_author_id`),
  UNIQUE KEY `book_id` (`book_id`,`user_id`),
  KEY `user_id` (`user_id`),
  CONSTRAINT `book_authors_ibfk_1` FOREIGN KEY (`book_id`) REFERENCES `books` (`book_id`) ON DELETE CASCADE,
  CONSTRAINT `book_authors_ibfk_2` FOREIGN KEY (`user_id`) REFERENCES `users` (`user_id`) ON DELETE CASCADE
) ENGINE=InnoDB AUTO_INCREMENT=111 DEFAULT CHARSET=utf8mb4 COLLATE=utf8mb4_general_ci;
/*!40101 SET character_set_client = @saved_cs_client */;

--
-- Dumping data for table `book_authors`
--

LOCK TABLES `book_authors` WRITE;
/*!40000 ALTER TABLE `book_authors` DISABLE KEYS */;
INSERT INTO `book_authors` VALUES (1,1,9,'Owner','2025-04-01 18:04:07'),(2,1,7,'Co-Author','2025-04-01 18:04:07'),(3,2,4,'Owner','2025-04-01 18:13:27'),(4,2,5,'Co-Author','2025-04-01 18:13:27'),(6,11,9,'Owner','2025-06-04 13:32:25'),(7,12,9,'Owner','2025-06-04 13:32:25'),(8,13,9,'Owner','2025-06-04 13:32:25'),(9,14,9,'Owner','2025-06-04 13:32:25'),(10,15,9,'Owner','2025-06-04 13:32:25'),(11,16,9,'Owner','2025-06-04 13:32:25'),(12,17,9,'Owner','2025-06-04 13:32:25'),(13,18,9,'Owner','2025-06-04 13:32:25'),(14,19,9,'Owner','2025-06-04 13:32:25'),(15,20,9,'Owner','2025-06-04 13:32:25'),(16,22,9,'Owner','2025-06-04 13:33:02'),(24,1,3,'Co-Author','2025-06-04 20:58:00'),(25,2,6,'Co-Author','2025-06-04 20:58:00'),(36,2,7,'Co-Author','2025-06-04 21:05:01'),(52,11,10,'Co-Author','2025-06-04 21:02:00'),(53,11,1,'Co-Author','2025-06-04 21:02:00'),(54,12,2,'Co-Author','2025-06-04 21:02:00'),(55,12,5,'Co-Author','2025-06-04 21:02:00'),(56,13,1,'Co-Author','2025-06-04 21:02:00'),(57,13,3,'Co-Author','2025-06-04 21:02:00'),(59,1,1,'Co-Author','2025-06-04 20:58:00'),(60,11,3,'Co-Author','2025-06-04 20:58:00'),(62,29,26,'Owner','2025-06-04 21:45:31'),(63,30,26,'Owner','2025-06-04 21:47:09'),(64,31,26,'Owner','2025-06-05 18:25:22'),(65,32,27,'Owner','2025-06-08 15:07:33'),(68,23,3,'Co-Author','2025-06-10 19:02:48'),(69,23,5,'Co-Author','2025-06-10 19:03:16'),(71,23,1,'Co-Author','2025-06-10 19:45:08'),(72,23,2,'Co-Author','2025-06-10 20:15:40'),(74,34,24,'Owner','2025-06-11 10:25:26'),(75,35,24,'Owner','2025-06-11 10:27:56'),(76,36,3,'Owner','2025-06-11 12:35:33'),(77,37,24,'Owner','2025-06-11 19:20:40'),(78,38,9,'Owner','2025-06-12 13:46:02'),(79,39,24,'Owner','2025-06-12 13:58:59'),(80,40,24,'Owner','2025-06-12 14:03:08'),(82,42,27,'Owner','2025-06-13 15:06:02'),(83,43,27,'Owner','2025-06-13 15:11:52'),(84,44,27,'Owner','2025-06-13 15:31:46'),(85,45,27,'Owner','2025-06-13 15:55:19'),(86,46,27,'Owner','2025-06-13 16:00:49'),(87,47,27,'Owner','2025-06-13 16:10:21'),(88,47,24,'Co-Author','2025-06-13 16:33:20'),(92,51,26,'Owner','2025-06-14 11:39:04'),(93,52,27,'Owner','2025-06-14 12:01:17'),(94,53,27,'Owner','2025-06-14 12:03:35'),(95,31,24,'Co-Author','2025-06-14 14:57:10'),(96,54,24,'Owner','2025-06-28 19:56:02'),(98,30,24,'Co-Author','2025-06-29 21:16:16'),(99,55,26,'Owner','2025-06-29 21:26:36'),(100,56,24,'Owner','2025-06-29 21:36:31'),(103,58,26,'Owner','2025-06-29 23:27:50'),(104,59,34,'Owner','2025-06-30 03:30:35'),(105,58,24,'Co-Author','2025-06-30 05:07:03'),(106,60,26,'Owner','2025-06-30 05:18:38'),(110,62,24,'Owner','2025-07-12 19:51:56');
/*!40000 ALTER TABLE `book_authors` ENABLE KEYS */;
UNLOCK TABLES;

--
-- Table structure for table `book_visits`
--

DROP TABLE IF EXISTS `book_visits`;
/*!40101 SET @saved_cs_client     = @@character_set_client */;
/*!50503 SET character_set_client = utf8mb4 */;
CREATE TABLE `book_visits` (
  `visit_id` int NOT NULL AUTO_INCREMENT,
  `user_id` int NOT NULL COMMENT 'User who visited the book',
  `book_id` int NOT NULL COMMENT 'Book being visited',
  `visited_at` timestamp NOT NULL DEFAULT CURRENT_TIMESTAMP COMMENT 'Timestamp when book was visited',
  PRIMARY KEY (`visit_id`),
  UNIQUE KEY `user_id_book_id` (`user_id`,`book_id`) COMMENT 'Prevents duplicate visits by the same user',
  KEY `book_visits_ibfk_2` (`book_id`),
  CONSTRAINT `book_visits_ibfk_1` FOREIGN KEY (`user_id`) REFERENCES `users` (`user_id`) ON DELETE CASCADE,
  CONSTRAINT `book_visits_ibfk_2` FOREIGN KEY (`book_id`) REFERENCES `books` (`book_id`) ON DELETE CASCADE
) ENGINE=InnoDB AUTO_INCREMENT=111 DEFAULT CHARSET=utf8mb4 COLLATE=utf8mb4_general_ci;
/*!40101 SET character_set_client = @saved_cs_client */;

--
-- Dumping data for table `book_visits`
--

LOCK TABLES `book_visits` WRITE;
/*!40000 ALTER TABLE `book_visits` DISABLE KEYS */;
INSERT INTO `book_visits` VALUES (1,9,2,'2025-04-01 07:18:58'),(2,7,2,'2025-04-01 07:18:58'),(3,4,1,'2025-04-01 07:18:58'),(4,3,1,'2025-04-01 20:45:00'),(5,1,1,'2025-04-01 22:00:00'),(6,2,1,'2025-04-01 22:00:00'),(7,10,2,'2025-04-01 22:00:00'),(14,1,2,'2025-06-05 20:19:43'),(15,24,12,'2025-07-13 10:03:26'),(16,24,15,'2025-06-05 20:35:14'),(17,24,23,'2025-06-13 14:41:28'),(18,24,28,'2025-06-05 20:36:32'),(19,24,27,'2025-06-05 20:36:37'),(20,24,2,'2025-07-12 18:30:33'),(21,24,11,'2025-06-13 14:40:46'),(22,24,13,'2025-06-05 22:13:28'),(23,24,20,'2025-06-13 14:41:04'),(24,26,1,'2025-07-12 18:44:39'),(25,27,2,'2025-06-13 16:23:08'),(26,26,11,'2025-06-08 15:45:40'),(27,27,1,'2025-07-12 18:46:40'),(28,1,23,'2025-06-08 16:43:03'),(29,24,21,'2025-06-09 19:13:53'),(30,24,16,'2025-06-09 19:26:30'),(31,24,32,'2025-06-30 03:08:51'),(32,27,11,'2025-06-10 15:54:00'),(33,24,18,'2025-06-10 20:19:16'),(34,24,31,'2025-06-29 21:14:29'),(35,3,2,'2025-06-11 10:11:20'),(36,3,11,'2025-06-11 10:12:02'),(37,3,16,'2025-06-11 10:12:08'),(38,3,13,'2025-06-11 10:12:16'),(39,3,15,'2025-06-11 10:12:22'),(40,24,34,'2025-06-11 10:26:26'),(41,26,23,'2025-07-11 16:11:15'),(42,24,14,'2025-07-13 10:07:49'),(43,24,17,'2025-06-11 18:26:15'),(46,24,24,'2025-06-22 06:33:29'),(47,24,29,'2025-06-12 13:07:01'),(48,24,33,'2025-06-12 13:11:28'),(49,26,19,'2025-06-12 13:16:25'),(50,26,2,'2025-06-30 02:56:39'),(51,26,25,'2025-06-12 13:19:19'),(52,26,37,'2025-06-12 13:36:48'),(53,24,19,'2025-06-12 13:40:39'),(54,26,22,'2025-06-12 13:41:48'),(55,9,38,'2025-06-12 13:46:32'),(56,24,40,'2025-06-29 21:14:09'),(57,24,41,'2025-06-14 10:08:17'),(58,24,25,'2025-06-13 14:41:13'),(59,27,42,'2025-06-13 15:06:49'),(60,27,43,'2025-06-13 15:13:03'),(61,27,44,'2025-06-13 15:49:31'),(62,27,15,'2025-06-13 15:36:45'),(63,27,12,'2025-06-13 15:36:54'),(64,27,45,'2025-06-13 16:04:06'),(65,27,46,'2025-06-13 16:03:06'),(66,27,47,'2025-06-13 17:05:24'),(67,27,19,'2025-06-13 16:22:59'),(68,24,47,'2025-06-22 06:40:51'),(69,24,48,'2025-06-14 10:32:48'),(70,24,49,'2025-06-14 10:47:28'),(71,24,50,'2025-06-14 11:28:05'),(72,26,51,'2025-06-14 11:48:20'),(73,27,52,'2025-06-14 12:03:12'),(74,27,53,'2025-06-14 12:03:54'),(75,29,2,'2025-07-11 16:22:43'),(76,24,53,'2025-06-14 14:52:56'),(77,30,2,'2025-06-22 03:39:29'),(78,24,54,'2025-06-30 08:02:21'),(79,33,54,'2025-06-29 02:59:35'),(80,26,54,'2025-06-29 19:08:14'),(81,34,54,'2025-06-29 05:10:15'),(82,32,34,'2025-06-29 05:12:04'),(83,32,45,'2025-06-29 05:12:26'),(84,32,40,'2025-06-29 05:12:36'),(85,29,1,'2025-07-11 16:21:48'),(86,9,1,'2025-07-13 09:20:08'),(87,9,54,'2025-06-29 07:15:04'),(88,26,31,'2025-06-29 19:07:59'),(89,27,54,'2025-06-29 19:48:32'),(90,24,51,'2025-06-29 21:14:49'),(91,24,30,'2025-06-29 21:15:25'),(92,26,55,'2025-06-29 21:31:09'),(93,24,56,'2025-06-29 22:09:32'),(94,26,56,'2025-06-29 22:58:29'),(95,24,55,'2025-07-12 17:56:08'),(96,24,38,'2025-07-13 10:08:19'),(97,34,1,'2025-06-30 03:24:23'),(98,34,59,'2025-06-30 03:38:23'),(99,32,59,'2025-06-30 03:37:51'),(100,32,1,'2025-06-30 03:39:45'),(102,24,58,'2025-06-30 08:01:40'),(103,26,60,'2025-06-30 05:18:56'),(104,29,21,'2025-07-11 16:21:07'),(107,24,1,'2025-07-13 11:30:56'),(108,38,1,'2025-07-12 19:18:09'),(110,24,62,'2025-07-12 19:53:17');
/*!40000 ALTER TABLE `book_visits` ENABLE KEYS */;
UNLOCK TABLES;

--
-- Table structure for table `books`
--

DROP TABLE IF EXISTS `books`;
/*!40101 SET @saved_cs_client     = @@character_set_client */;
/*!50503 SET character_set_client = utf8mb4 */;
CREATE TABLE `books` (
  `book_id` int NOT NULL AUTO_INCREMENT,
  `title` varchar(255) CHARACTER SET utf8mb4 COLLATE utf8mb4_general_ci NOT NULL COMMENT 'Book title',
  `cover_photo` varchar(255) CHARACTER SET utf8mb4 COLLATE utf8mb4_general_ci DEFAULT NULL COMMENT 'URL of the book cover',
  `description` text CHARACTER SET utf8mb4 COLLATE utf8mb4_general_ci COMMENT 'Brief description of the book',
  `genre` enum('Fantasy','Thriller','Mystery','Thriller Mystery','Youth Fiction','Crime','Horror','Romance','Science Fiction','Adventure','Historical') CHARACTER SET utf8mb4 COLLATE utf8mb4_general_ci NOT NULL COMMENT 'genre for each book',
  `status` enum('Ongoing','Complete','Hiatus') CHARACTER SET utf8mb4 COLLATE utf8mb4_general_ci NOT NULL COMMENT 'Status of the book',
  `created_at` timestamp NOT NULL DEFAULT CURRENT_TIMESTAMP COMMENT 'Timestamp when book was added',
  `updated_at` timestamp NOT NULL DEFAULT CURRENT_TIMESTAMP ON UPDATE CURRENT_TIMESTAMP COMMENT 'Timestamp when book was last updated',
  `view_count` int DEFAULT '0' COMMENT 'view count for each book\r\n',
  `total_reads` int DEFAULT '0' COMMENT 'Total number of chapter reads for the book',
  PRIMARY KEY (`book_id`)
) ENGINE=InnoDB AUTO_INCREMENT=63 DEFAULT CHARSET=utf8mb4 COLLATE=utf8mb4_general_ci;
/*!40101 SET character_set_client = @saved_cs_client */;

--
-- Dumping data for table `books`
--

LOCK TABLES `books` WRITE;
/*!40000 ALTER TABLE `books` DISABLE KEYS */;
INSERT INTO `books` VALUES (1,'Bob\'s Mystery Novel','bob.png','Bob\'s Mystery Novel is a fast-paced mystery about Bob, who searches for his missing friend, Jake. A cryptic note, a hidden tunnel, and a mysterious map lead him on a thrilling chase.','Mystery','Ongoing','2025-04-01 18:03:40','2025-07-13 11:30:55',223,102),(2,'Lavender Garden','lavender.png','Lavender Garden is a magical fantasy about Emma, who discovers an enchanted garden hidden near her home. When the garden’s magic starts to fade, Emma must unlock its secrets and restore its power, encountering mystical guardians and dark forces along the way. The fate of the garden—and her world—depends on her.','Fantasy','Ongoing','2025-04-01 18:11:39','2025-07-12 18:30:32',72,21),(11,'Book 10','book10.png','A thrilling adventure in a mysterious forest.','Adventure','Ongoing','2025-06-04 06:37:00','2025-06-30 03:05:21',23,0),(12,'Book 6','book6.png','A tale of love and betrayal in a medieval kingdom.','Romance','Ongoing','2025-06-04 06:37:00','2025-07-13 10:03:18',15,0),(13,'Book 7','book7.png','A journey through a haunted mansion.','Horror','Ongoing','2025-06-04 06:37:00','2025-06-11 10:12:16',6,0),(14,'Book 8','book8.png','A detective uncovers a century-old secret.','Mystery','Ongoing','2025-06-04 06:37:00','2025-07-13 10:07:44',6,0),(15,'Book 9','book9.png','A futuristic battle for Earth\'s survival.','Science Fiction','Ongoing','2025-06-04 06:37:00','2025-06-30 02:57:42',13,0),(16,'Book 15','book15.png','A young hero discovers a magical artifact.','Fantasy','Ongoing','2025-06-04 06:37:00','2025-06-30 03:00:32',6,0),(17,'Book 25','book25.png','A historical epic of war and redemption.','Historical','Ongoing','2025-06-04 06:37:00','2025-06-12 13:07:44',4,0),(18,'Cover 1','cover_1.png','A suspenseful chase across continents.','Thriller','Ongoing','2025-06-04 06:37:00','2025-06-30 02:57:49',4,0),(19,'Cover 2','cover_2.png','A young girl\'s journey in a fantasy world.','Youth Fiction','Ongoing','2025-06-04 06:37:00','2025-06-13 16:22:59',7,0),(20,'Cover 3','cover_3.png','A crime novel with unexpected twists.','Crime','Ongoing','2025-06-04 06:37:00','2025-06-13 14:41:04',6,0),(21,'1b','cover_26.png','1bdes','Thriller Mystery','Hiatus','2025-06-04 12:54:38','2025-07-11 16:21:07',5,0),(22,'New Book',NULL,NULL,'Mystery','Ongoing','2025-06-04 13:33:02','2025-06-12 13:41:48',2,0),(23,'test 1','cover_27.png','t','Horror','Hiatus','2025-06-04 13:35:05','2025-07-11 16:11:14',30,4),(24,'test 2','cover_28.png','f','Thriller','Ongoing','2025-06-04 13:41:39','2025-06-20 11:39:24',5,0),(25,'test 3',NULL,'f','Thriller','Complete','2025-06-04 13:47:48','2025-06-13 14:41:13',4,0),(26,'test 4','cover_29.png','test 4','Thriller Mystery','Ongoing','2025-06-04 13:50:44','2025-06-04 13:50:44',0,0),(27,'test 5','cover_30.png','t','Fantasy','Ongoing','2025-06-04 13:55:17','2025-06-12 13:40:22',4,2),(28,'test 6','cover_31.png','t','Thriller','Hiatus','2025-06-04 13:59:58','2025-06-05 20:36:32',2,0),(29,'pokemon','cover_32.png','p','Science Fiction','Ongoing','2025-06-04 21:45:31','2025-06-12 13:07:01',2,0),(30,'pokemon 2','cover_33.png','p','Adventure','Ongoing','2025-06-04 21:47:09','2025-06-29 21:15:25',2,0),(31,'mastesr lil','cover_34.png','lil','Thriller Mystery','Ongoing','2025-06-05 18:25:22','2025-06-29 21:14:29',14,3),(32,'crop testing','bc_1.png','ct','Thriller Mystery','Ongoing','2025-06-08 15:07:33','2025-06-30 03:08:51',5,0),(33,'draft test',NULL,'test','Fantasy','Ongoing','2025-06-09 19:49:23','2025-06-12 14:16:49',3,0),(34,'Mid night','bc_2.png','M','Science Fiction','Ongoing','2025-06-11 10:25:26','2025-06-29 05:12:04',8,0),(35,'W','bc_3.png','w','Adventure','Ongoing','2025-06-11 10:27:56','2025-06-11 10:27:56',0,0),(36,'Placeholder for Group 4',NULL,NULL,'Mystery','Ongoing','2025-06-11 12:35:33','2025-06-11 12:35:33',0,0),(37,'Full moon','bc_4.png','m','Horror','Ongoing','2025-06-11 19:20:40','2025-06-30 04:27:22',6,0),(38,'White Raven','bc_5.png','wr','Thriller Mystery','Ongoing','2025-06-12 13:46:02','2025-07-13 10:08:13',5,0),(39,'blue as','bc_6.png','d','Fantasy','Ongoing','2025-06-12 13:58:59','2025-06-12 14:00:01',0,0),(40,'Sun','bc_7.png','s','Fantasy','Ongoing','2025-06-12 14:03:08','2025-06-29 21:14:08',6,0),(41,'no cover 2','bc_15.png','g','Mystery','Ongoing','2025-06-12 14:06:38','2025-06-14 10:08:16',14,0),(42,'first','bc_9.png','f','Horror','Ongoing','2025-06-13 15:06:02','2025-06-13 15:06:49',2,0),(43,'secord','bc_10.png','s','Mystery','Ongoing','2025-06-13 15:11:52','2025-06-13 15:13:03',2,0),(44,'Third','bc_11.png','t','Horror','Ongoing','2025-06-13 15:31:46','2025-06-13 15:49:31',9,0),(45,'Fourth','bc_12.png','f','Romance','Ongoing','2025-06-13 15:55:19','2025-06-29 05:12:26',7,0),(46,'Fifth','bc_13.png','f','Fantasy','Hiatus','2025-06-13 16:00:49','2025-06-13 16:03:06',2,0),(47,'Sixth','bc_14.png','s','Romance','Ongoing','2025-06-13 16:10:21','2025-06-13 17:05:00',12,0),(48,'no cover 2','bc_16.png','c','Thriller','Ongoing','2025-06-14 10:31:56','2025-06-14 10:32:48',1,0),(49,'no cover 3','bc_17.png','c','Thriller Mystery','Ongoing','2025-06-14 10:40:22','2025-06-14 10:47:28',1,0),(50,'no cover 4','bc_18.png','b','Fantasy','Ongoing','2025-06-14 11:25:44','2025-06-14 11:27:45',1,0),(51,'white 2','bc_20.png','d','Fantasy','Ongoing','2025-06-14 11:39:04','2025-06-29 21:14:49',4,0),(52,'Black','bc_21.png','Black','Thriller','Hiatus','2025-06-14 12:01:17','2025-06-14 12:02:51',2,0),(53,'black 2','bc_22.png','b','Crime','Ongoing','2025-06-14 12:03:35','2025-06-14 14:52:56',3,0),(54,'The Fifth Door','bc_23.png','An abandoned room. A whisper in the night. And a mirror that traps more than reflections.\nWhen curious student Lena unlocks the sealed Room Five in her dorm, she awakens something dark and ancient. One by one, students begin to vanish — their souls pulled behind the mirror. Can Lena escape before she becomes part of the reflection forever?','Horror','Ongoing','2025-06-28 19:56:02','2025-06-30 08:02:21',24,8),(55,'The Clockmaker\'s Secret','bc_26.png','A mysterious watch shows Evelyn glimpses of the past and future, changing her life forever.','Science Fiction','Ongoing','2025-06-29 21:26:36','2025-07-12 17:56:03',8,7),(56,'The Last Signal','bc_27.png','When late-night radio technician Jared intercepts a mysterious coded transmission, he unknowingly triggers a deadly government protocol. Now marked for elimination, he teams up with a former analyst to uncover the truth — and stop the signal before it silences them forever.','Thriller','Ongoing','2025-06-29 21:36:31','2025-06-29 22:59:12',15,11),(58,'The Starlight Grove','bc_29.png','In a land where moonlight grants magic, a girl discovers her destiny is entwined with an ancient prophecy—and the last star-guardian hiding among the trees.','Fantasy','Ongoing','2025-06-29 23:27:50','2025-06-30 08:01:34',6,0),(59,'user  9 book','bc_30.png','f','Crime','Ongoing','2025-06-30 03:30:35','2025-06-30 03:38:41',5,0),(60,'h','bc_31.png','ffffffff','Crime','Ongoing','2025-06-30 05:18:38','2025-06-30 05:18:55',1,0),(62,'Caged Butterfly','bc_33.png','Caged Butterfly is a fantasy story about a girl who discovers her magical past and breaks free from a hidden curse to reclaim her true power.','Fantasy','Ongoing','2025-07-12 19:51:56','2025-07-12 19:52:56',1,0);
/*!40000 ALTER TABLE `books` ENABLE KEYS */;
UNLOCK TABLES;

--
-- Table structure for table `chapter_reads`
--

DROP TABLE IF EXISTS `chapter_reads`;
/*!40101 SET @saved_cs_client     = @@character_set_client */;
/*!50503 SET character_set_client = utf8mb4 */;
CREATE TABLE `chapter_reads` (
  `read_id` int NOT NULL AUTO_INCREMENT,
  `user_id` int NOT NULL,
  `chapter_id` int NOT NULL,
  `read_at` timestamp NOT NULL DEFAULT CURRENT_TIMESTAMP,
  PRIMARY KEY (`read_id`),
  UNIQUE KEY `user_id_chapter_id` (`user_id`,`chapter_id`),
  KEY `chapter_reads_ibfk_2` (`chapter_id`),
  CONSTRAINT `chapter_reads_ibfk_1` FOREIGN KEY (`user_id`) REFERENCES `users` (`user_id`) ON DELETE CASCADE,
  CONSTRAINT `chapter_reads_ibfk_2` FOREIGN KEY (`chapter_id`) REFERENCES `chapters` (`chapter_id`) ON DELETE CASCADE
) ENGINE=InnoDB AUTO_INCREMENT=165 DEFAULT CHARSET=utf8mb4 COLLATE=utf8mb4_general_ci;
/*!40101 SET character_set_client = @saved_cs_client */;

--
-- Dumping data for table `chapter_reads`
--

LOCK TABLES `chapter_reads` WRITE;
/*!40000 ALTER TABLE `chapter_reads` DISABLE KEYS */;
INSERT INTO `chapter_reads` VALUES (1,3,1,'2025-04-02 03:00:00'),(2,3,2,'2025-04-02 03:05:00'),(3,4,1,'2025-04-02 03:10:00'),(4,9,8,'2025-04-02 03:15:00'),(5,7,8,'2025-04-02 03:20:00'),(6,5,1,'2025-06-04 18:33:35'),(7,5,8,'2025-06-04 18:53:41'),(11,24,1,'2025-07-12 18:27:47'),(14,24,13,'2025-06-05 20:43:22'),(17,24,22,'2025-06-05 20:43:00'),(22,24,11,'2025-06-09 19:19:07'),(23,3,8,'2025-06-11 10:11:27'),(25,27,1,'2025-06-14 12:06:09'),(28,27,2,'2025-06-14 12:06:10'),(30,27,5,'2025-06-13 16:22:41'),(31,27,6,'2025-06-13 16:22:43'),(32,27,7,'2025-06-13 16:22:49'),(33,27,9,'2025-06-13 16:23:04'),(34,27,10,'2025-06-13 16:23:07'),(35,27,11,'2025-06-13 16:23:08'),(39,24,2,'2025-07-12 18:27:51'),(40,24,3,'2025-07-12 18:27:52'),(41,24,4,'2025-07-12 18:27:53'),(45,27,3,'2025-06-14 12:06:11'),(46,27,4,'2025-06-14 12:06:11'),(52,29,8,'2025-06-14 13:26:37'),(53,29,9,'2025-06-14 13:25:51'),(54,29,10,'2025-06-14 13:25:51'),(56,30,10,'2025-06-22 03:38:36'),(57,30,11,'2025-06-22 03:38:40'),(58,24,8,'2025-06-22 06:10:12'),(59,24,9,'2025-06-22 06:10:16'),(60,24,10,'2025-06-22 06:10:17'),(74,24,96,'2025-06-30 08:00:51'),(75,33,96,'2025-06-29 02:57:13'),(76,33,97,'2025-06-29 02:57:21'),(77,33,98,'2025-06-29 02:57:22'),(78,34,98,'2025-06-29 05:10:12'),(79,26,1,'2025-06-29 18:55:12'),(80,26,2,'2025-06-29 18:53:25'),(81,26,3,'2025-06-29 18:53:26'),(82,26,4,'2025-06-29 18:53:27'),(83,26,5,'2025-06-29 18:53:27'),(84,26,6,'2025-06-29 18:46:25'),(92,26,8,'2025-06-30 02:56:41'),(96,26,29,'2025-06-29 19:01:09'),(97,26,30,'2025-06-29 19:01:22'),(98,26,31,'2025-06-29 19:01:23'),(103,26,101,'2025-06-29 21:30:48'),(104,26,102,'2025-06-29 21:30:53'),(105,24,103,'2025-06-29 22:52:37'),(106,24,104,'2025-06-29 22:16:47'),(107,24,105,'2025-06-29 22:16:48'),(108,24,106,'2025-06-29 22:16:49'),(112,26,103,'2025-06-29 22:53:38'),(113,26,104,'2025-06-29 22:52:59'),(114,26,105,'2025-06-29 22:53:02'),(120,24,5,'2025-07-12 18:27:53'),(121,24,6,'2025-07-12 18:27:54'),(123,26,13,'2025-06-30 02:57:58'),(124,34,5,'2025-06-30 03:21:43'),(125,34,1,'2025-06-30 03:22:22'),(126,34,2,'2025-06-30 03:22:13'),(127,34,3,'2025-06-30 03:22:15'),(128,34,4,'2025-06-30 03:22:16'),(132,24,7,'2025-07-12 18:27:55'),(136,24,97,'2025-06-30 08:00:56'),(137,24,98,'2025-06-30 08:00:58'),(138,24,101,'2025-07-12 17:56:03'),(141,24,102,'2025-06-30 08:04:07'),(152,38,1,'2025-07-12 19:15:47'),(153,38,2,'2025-07-12 18:39:38'),(154,38,3,'2025-07-12 18:39:40'),(155,38,7,'2025-07-12 18:39:45'),(159,38,4,'2025-07-12 18:39:44'),(160,38,5,'2025-07-12 18:39:44'),(161,38,6,'2025-07-12 18:39:50');
/*!40000 ALTER TABLE `chapter_reads` ENABLE KEYS */;
UNLOCK TABLES;

--
-- Table structure for table `chapters`
--

DROP TABLE IF EXISTS `chapters`;
/*!40101 SET @saved_cs_client     = @@character_set_client */;
/*!50503 SET character_set_client = utf8mb4 */;
CREATE TABLE `chapters` (
  `chapter_id` int NOT NULL AUTO_INCREMENT,
  `book_id` int NOT NULL,
  `author_id` int NOT NULL,
  `chapter_number` int NOT NULL,
  `content` longtext CHARACTER SET utf8mb4 COLLATE utf8mb4_general_ci NOT NULL,
  `created_at` timestamp NOT NULL DEFAULT CURRENT_TIMESTAMP,
  `updated_at` timestamp NOT NULL DEFAULT CURRENT_TIMESTAMP ON UPDATE CURRENT_TIMESTAMP,
  PRIMARY KEY (`chapter_id`),
  UNIQUE KEY `book_id_chapter_number` (`book_id`,`chapter_number`),
  KEY `chapters_ibfk_2` (`author_id`),
  CONSTRAINT `chapters_ibfk_1` FOREIGN KEY (`book_id`) REFERENCES `books` (`book_id`) ON DELETE CASCADE,
  CONSTRAINT `chapters_ibfk_2` FOREIGN KEY (`author_id`) REFERENCES `users` (`user_id`) ON DELETE CASCADE
) ENGINE=InnoDB AUTO_INCREMENT=127 DEFAULT CHARSET=utf8mb4 COLLATE=utf8mb4_general_ci;
/*!40101 SET character_set_client = @saved_cs_client */;

--
-- Dumping data for table `chapters`
--

LOCK TABLES `chapters` WRITE;
/*!40000 ALTER TABLE `chapters` DISABLE KEYS */;
INSERT INTO `chapters` VALUES (1,1,9,1,'The sky over Ashton Lane was gray, as though it too had questions. Bob Carter, a retired private investigator, had just returned from the market with a bag of groceries when he saw it—a nondescript brown package resting on his porch. There was no label. No name. No return address. Just a thin black string tied around it in a perfect bow.\n\nHe looked both ways down the quiet suburban street. Nothing but the usual stillness. The neighbors were either out or too busy to care. Bob’s instincts prickled. Years of investigating frauds, murders, and disappearances had sharpened his senses beyond the average man. Something about this package was off. It didn’t belong here.\n\nHe picked it up cautiously, feeling the weight—light, too light for it to be a book or tools. He brought it inside and placed it on the kitchen table, eyeing it like it might detonate. After a beat, he untied the string, unfolded the brown paper, and discovered... a single photograph.\n\nIt was black and white, clearly old, maybe from the 1960s. A group of people stood in front of a large brick building—an orphanage, judging by the worn-out signage. Bob’s eyes scanned the photo. He didn’t recognize anyone at first. Then he noticed someone in the back, slightly blurred but unmistakable.\n\nIt was him.\n\nA younger version of Bob, maybe in his twenties, wearing a leather jacket and a half-smile. He remembered that photo. It was taken in front of the Ellensworth Home for Orphans. He hadn’t been there in decades. And he hadn’t told anyone about that chapter of his life.\n\nOn the back of the photo was a single sentence, written in neat block letters:\n\n“You forgot something, Robert.”\n\nHe sat down slowly. The use of “Robert” made it feel more serious. Only people from his past ever called him that. His heart began to thump louder.\n\nHe took out his phone and dialed Mark Talbot, his old partner at the precinct. Mark had stayed in law enforcement after Bob retired. If anyone could trace the origin of an anonymous package, it was him.\n\n“Bob? You okay?” Mark answered quickly.\n\n“I think someone from my past is trying to reach out—oddly.” He described the package, the photo, and the message.\n\n“Ellensworth,” Mark said, repeating the name slowly. “Didn’t that place burn down twenty years ago?”\n\nBob blinked. “Burn down? I thought it was shut down.”\n\n“No, arson. It was all over the news. Three dead, cause never confirmed. Never caught the arsonist either. You didn’t know?”\n\nBob’s mind spun. “No. I left town just before then. I never looked back.”\n\n“Well,” Mark said with a sigh, “maybe it’s time you did.”\n\nThat night, Bob couldn’t sleep. He stared at the photo for hours. Why now? Why him? And who sent the package?\n\nThe next morning, he packed a small bag, grabbed his coat, and started his car. There was only one way to find answers.\n\nHe was going back to Ellensworth.','2025-04-01 12:07:36','2025-07-12 18:08:03'),(2,1,9,2,'The journey back to Ellensworth was somber. The town hadn’t changed much—same crooked fences, same tired trees lining the road. But the orphanage, once a beacon for lost children, was now a blackened skeleton of brick and memory.\n\nBob stood at the rusted gate, staring at the overgrown lot. Weeds crawled through the broken pavement like nature trying to forget. The sign was half-charred, but still legible: Ellensworth Home for Children.\n\nInside, rubble crunched under his boots. Char marks streaked the walls like old scars. He crouched near a corner where the old study used to be. Something shimmered—half-buried under soot—a small metal locket.\n\nInside the locket was a faded photo of a girl—Lena. Bob remembered her. Smart. Quiet. Always writing in her little blue notebook.\n\nHe heard footsteps.\n\nSpinning around, he found himself face-to-face with a woman in her thirties.\n\n“You shouldn’t be here,” she said coldly.\n\n“And you are?”\n\n“Clara Hart. Town historian. I maintain records of sites like this.”\n\nBob raised an eyebrow. “Do your records mention who died in the fire?”\n\nShe hesitated. “Three children. Names unconfirmed.”\n\n“Lena?” he asked.\n\nShe paled. “That name’s not in the files. Why do you know it?”\n\nBob hesitated. “She was close to me… before I left.”\n\nClara gave a measured nod. “Be careful. People don’t dig here for a reason.”\n\nShe left without another word.\n\nThat night, Bob found a motel. He placed the photo and locket on the table. The photo still taunted him—who sent it? Why now?\n\nHe flipped it again. New handwriting had appeared beneath the old message:\n“Start with the one who stayed.”','2025-04-01 12:07:36','2025-07-12 18:10:31'),(3,1,9,3,'Bob drove back to Ashton and found Mark at the police archives, flipping through faded folders. Mark hadn’t aged well—gray, tired, eyes filled with ghosts.\n\n“You knew more than you let on,” Bob accused.\n\nMark sighed. “I tried to protect you, Bob.”\n\n“From what?”\n\n“From yourself. From the truth.”\n\nBob threw the photo onto the desk. “Recognize this?”\n\nMark nodded. “Yeah. That day… the last group photo.”\n\nBob’s tone sharpened. “Who died in the fire?”\n\nMark hesitated. “Lena, for sure. A boy named Danny. And the third… we never confirmed.”\n\n“You didn’t tell me Lena died.”\n\n“You were gone, Bob. You left and never looked back.”\n\nBob clenched his fists. “I need her file.”\n\nMark sighed and unlocked a drawer. Inside were three folders, brittle from time.\n\nLena’s file was nearly empty. Just her date of arrival, age eight. No birth certificate. No family. Her only possession: a blue notebook. Missing from evidence.\n\nBob skimmed Danny’s file. Nothing unusual—except a final note in red ink: “Said he saw someone leave the night of the fire. Died the next day.”\n\nSomeone had silenced Danny.\n\nBob looked at Mark. “Who else had access to these?”\n\nMark stared at the floor. “One name: Father Hensley. The head caretaker.”\n\nBob’s eyes narrowed. “Is he still alive?”\n\nMark nodded. “Runs a small chapel just outside town. Lives alone.”\n\nBob grabbed his coat. “Then he’s next.”','2025-04-01 12:07:36','2025-07-12 18:10:58'),(4,1,7,4,'The chapel was quiet, nestled between old oaks and forgotten graves. Father Hensley, now in his seventies, looked frail but alert.\n\nBob didn’t waste time. “You remember me?”\n\n“I remember all of you,” Hensley said, his voice gravelly.\n\n“Tell me about the fire.”\n\nHensley looked away. “Some truths are heavier than others.”\n\n“Start talking,” Bob growled.\n\nThe priest sighed. “There were rumors Lena had discovered something. About one of the staff. She wouldn’t say who. Just wrote in that notebook.”\n\nBob’s voice trembled. “What happened to it?”\n\n“I locked it in the study safe… then the fire.”\n\n“You think someone started it to destroy the notebook?”\n\nHensley nodded. “Lena was brave. Too brave. Someone got scared.”\n\n“Who?”\n\nHensley paused, then whispered, “Clara Hart.”\n\nBob reeled. “The historian?”\n\n“She was a volunteer back then. Had access. She and Lena argued days before the fire. I didn’t think much of it. But the next day, Lena cried for hours. Said someone threatened her.”\n\n“Why didn’t you go to the police?”\n\n“I tried. But the fire happened first. The files were pulled from my hands. And Clara? She vanished for years… until she returned last spring.”\n\nBob stood, rage coiling. “She’s been watching.”\n\nHensley handed him a key. “The safe might still be intact under the rubble. Bring her truth back.”','2025-04-01 12:07:36','2025-07-12 18:11:37'),(5,1,7,5,'At sunrise, Bob returned to the ruins. Guided by memory, he found the corner where the study once stood.\n\nHe dug for hours—removing stone, ash, broken timber—until his fingers struck cold metal. The old floor safe, rusted but intact.\n\nThe key clicked.\n\nInside, wrapped in a plastic sheet, was Lena’s blue notebook.\n\nHe flipped through trembling pages. Drawings. Names. Notes. Symbols. One name repeated with growing urgency:\n“CH.”\n\nClara Hart.\n\nThe final entry chilled him:\n“She said she’d burn it all. If I tell, I’ll disappear like Danny.”\n\nBob stared in silence. He wasn’t ready for the next part—but he had no choice.\n\nSuddenly, a shadow crossed his path.\n\n“Looking for secrets, Robert?” Clara stood behind him, a pistol in hand.\n\n“You killed them,” he said bitterly.\n\nHer face was cold. “Lena knew too much. She would’ve ruined everything. You leaving made it easier.”\n\nBob’s voice shook. “You threatened a child.”\n\n“She found my ledger. Money stolen. Names. You were a fool for coming back.”\n\nBob held up the notebook. “This goes to the police.”\n\n“Not if I stop you.”\n\nA shout rang out.\n\nMark stepped into view, gun drawn. “Drop it, Clara.”\n\nFor a moment, time froze.\n\nThen Clara laughed, wild and bitter, and raised her gun—only to be tackled by Mark.\n\nIt was over.','2025-04-01 12:07:36','2025-07-12 18:12:04'),(6,1,9,6,'At the station, Clara’s confession unraveled years of silence. Embezzlement. Cover-ups. And finally, arson to erase the evidence.\n\nLena had tried to stop her. Danny had seen Clara at the orphanage the night of the fire. Clara had silenced them both.\n\nThe town reeled as headlines spread: Local Historian Charged in Cold Case Arson Murders.\n\nBob stood outside the courtroom weeks later, notebook in hand. Mark joined him.\n\n“She’ll get life,” Mark said. “Justice finally came.”\n\nBob nodded. “Lena deserved that.”\n\n“What will you do now?”\n\nBob looked at the horizon. “Start over. Maybe write this down.”\n\nMark chuckled. “Detective turned author?”\n\n“Why not? Truth deserves to be remembered.”\n\nAs they walked away, a breeze flipped the notebook open.\n\nPage 1:\n“For Robert. If you ever come back… follow the truth.”','2025-04-01 12:07:36','2025-07-12 18:12:33'),(7,1,7,7,'Months later, Bob sat at his desk, pen in hand. He was writing again—something he hadn’t done in years.\n\nThe manuscript title: “Ashes of Ellensworth.”\n\nA package arrived one afternoon. This time, it was labeled.\n\nInside: another photo. A child—Lena—smiling brightly. Alongside, a letter.\n\nDear Bob,\nThank you for not forgetting me.\nSome people live in the shadows. You brought light back.\nTell our story. So others won’t be scared to speak.\n–Lena\n\nTears welled in his eyes.\n\nHe placed the photo on the mantel, beside the locket. A soft peace settled over him.\n\nFor the first time in years, Bob felt whole.\n\nThe mystery had ended—but the truth would live on.','2025-04-01 12:07:36','2025-07-12 18:12:57'),(8,2,4,1,'Emma always felt drawn to the abandoned lavender garden near her cottage...','2025-04-01 12:21:08','2025-04-01 12:21:08'),(9,2,4,2,'Following the glowing lavender path, Emma discovered an ancient stone door...','2025-04-01 12:21:08','2025-04-01 12:21:08'),(10,2,5,3,'A mystical figure emerged—a guardian of the garden...','2025-04-01 12:21:08','2025-04-01 12:21:08'),(11,2,5,4,'Emma raced to the garden’s center, where a crystal pulsed beneath ancient roots...','2025-04-01 12:21:08','2025-04-01 12:21:08'),(12,21,24,1,'hi this is the very first draft from user 11111','2025-06-04 12:55:23','2025-06-04 12:55:23'),(13,23,24,1,'again test 1','2025-06-04 13:36:37','2025-06-05 20:51:49'),(16,24,24,1,'testing 2','2025-06-04 13:41:49','2025-06-04 13:41:49'),(17,25,24,1,'aaaaaaaaaaaaaaaaaaaaaaaaa\nbbbbbbbbbbbbbbbbbbbbbbbbbbbbbbb\ncccccccccccccccccccccccccccccccccccccccccccccccc','2025-06-04 13:48:06','2025-06-04 13:48:06'),(18,26,24,1,'test 4 chapter 1','2025-06-04 13:50:55','2025-06-04 13:51:05'),(20,27,24,1,'test 5 chapter 1','2025-06-04 13:55:26','2025-06-04 13:55:26'),(21,27,24,2,'test 5 chapter 2','2025-06-04 13:55:40','2025-06-04 13:55:40'),(22,27,24,3,'test 5 chapter 3','2025-06-04 13:55:53','2025-06-04 13:55:53'),(23,28,24,1,'test 6 chapter 1','2025-06-04 14:00:08','2025-06-04 14:00:08'),(24,28,24,2,'test 6 chapter 2','2025-06-04 14:00:20','2025-06-04 14:00:20'),(25,28,24,3,'test 6 chapter 3','2025-06-04 14:00:35','2025-06-04 14:00:35'),(26,29,26,1,'chapter 1 for pokemon','2025-06-04 21:45:54','2025-06-04 21:45:54'),(27,29,26,2,'chapter 2 for pokemon','2025-06-04 21:46:10','2025-06-04 21:46:10'),(28,29,26,3,'chapter 3 pokemon','2025-06-04 21:46:31','2025-06-04 21:46:31'),(29,31,26,1,'chapter 1 master','2025-06-05 18:25:47','2025-06-05 18:25:47'),(30,31,26,2,'chapter 2 master','2025-06-05 18:25:59','2025-06-05 18:25:59'),(31,31,26,3,'chapter 3 master draft','2025-06-05 18:26:34','2025-06-05 18:26:34'),(34,23,24,2,'chapter 2 test 1','2025-06-05 20:52:16','2025-06-05 20:52:16'),(35,32,27,1,'sunflower','2025-06-08 15:07:42','2025-06-08 15:07:42'),(36,37,24,1,'moon 1','2025-06-11 19:20:46','2025-06-11 19:20:46'),(37,37,24,2,'moon 2','2025-06-11 19:20:54','2025-06-11 19:20:54'),(38,39,24,1,'chapter 1','2025-06-12 14:00:17','2025-06-12 14:00:17'),(39,40,24,1,'sun','2025-06-12 14:03:13','2025-06-12 14:03:13'),(40,41,24,1,'chapter 1 hi','2025-06-12 14:06:46','2025-06-12 14:41:57'),(41,41,24,2,'chapter 2','2025-06-12 14:06:54','2025-06-12 14:06:54'),(43,41,24,3,'chapter 3 draft3','2025-06-12 14:38:50','2025-06-12 14:38:50'),(46,42,27,1,'chapter 1','2025-06-13 15:06:17','2025-06-13 15:06:17'),(47,42,27,2,'chapter 2','2025-06-13 15:06:24','2025-06-13 15:06:24'),(48,43,27,1,'secord c1','2025-06-13 15:12:06','2025-06-13 15:12:06'),(49,43,27,2,'secord chapter 2','2025-06-13 15:12:19','2025-06-13 15:12:19'),(50,43,27,3,'secord c3','2025-06-13 15:12:29','2025-06-13 15:12:29'),(51,44,27,1,'third c1','2025-06-13 15:31:55','2025-06-13 15:31:55'),(52,44,27,2,'third c2','2025-06-13 15:32:09','2025-06-13 15:32:09'),(53,44,27,5,'third c5 draft is now chapter','2025-06-13 15:34:24','2025-06-13 15:34:24'),(54,44,27,7,'third c7 chapter','2025-06-13 15:48:26','2025-06-13 15:48:26'),(55,44,27,8,'third c8','2025-06-13 15:48:39','2025-06-13 15:48:39'),(56,45,27,1,'F c1','2025-06-13 15:55:30','2025-06-13 15:55:30'),(57,45,27,2,'f c2 draft to chapter','2025-06-13 15:56:47','2025-06-13 15:56:47'),(58,46,27,1,'Fi c1','2025-06-13 16:01:05','2025-06-13 16:01:05'),(59,46,27,2,'Fi c2','2025-06-13 16:01:14','2025-06-13 16:01:14'),(60,46,27,3,'Fi c3','2025-06-13 16:01:23','2025-06-13 16:01:23'),(61,46,27,5,'fi c5','2025-06-13 16:02:00','2025-06-13 16:02:00'),(62,45,27,3,'f c3','2025-06-13 16:02:44','2025-06-13 16:02:53'),(64,47,27,1,'s c1','2025-06-13 16:10:27','2025-06-13 16:10:27'),(65,47,27,3,'s c3 from read book','2025-06-13 16:11:02','2025-06-13 16:11:02'),(66,47,27,2,'s c222','2025-06-13 16:11:16','2025-06-13 16:38:41'),(67,47,24,5,'from co_author fixed by the author','2025-06-13 16:34:11','2025-06-13 16:39:00'),(71,47,24,4,'from co_author fixed by the author','2025-06-13 16:39:24','2025-06-13 16:39:24'),(72,47,27,6,'draft6','2025-06-13 16:44:20','2025-06-13 16:44:20'),(73,41,24,6,'no cover','2025-06-14 10:06:29','2025-06-14 10:06:29'),(74,48,24,1,'no cover 2 c11','2025-06-14 10:32:10','2025-06-14 10:32:59'),(75,48,24,2,'no cover 2 c2','2025-06-14 10:32:29','2025-06-14 10:32:29'),(77,49,24,1,'no c3 c11','2025-06-14 10:40:34','2025-06-14 10:47:35'),(79,49,24,3,'no cover 3 c3','2025-06-14 11:13:12','2025-06-14 11:13:12'),(80,50,24,1,'nc c1','2025-06-14 11:27:06','2025-06-14 11:27:06'),(81,50,24,2,'nc c4','2025-06-14 11:27:20','2025-06-14 11:27:20'),(82,50,24,3,'nc c3','2025-06-14 11:27:28','2025-06-14 11:27:28'),(83,50,24,4,'nc c4 updated just now','2025-06-14 11:27:35','2025-06-14 11:27:59'),(85,51,26,1,'w c1 update','2025-06-14 11:39:14','2025-06-14 11:39:52'),(86,51,26,2,'white 1 c2','2025-06-14 11:39:26','2025-06-14 11:39:26'),(88,51,26,4,'w c4','2025-06-14 11:40:26','2025-06-14 11:40:26'),(89,51,26,3,'w1 c3 draft','2025-06-14 11:40:41','2025-06-14 11:40:41'),(90,51,26,7,'w2 c','2025-06-14 11:48:16','2025-06-14 11:48:16'),(91,52,27,1,'black c1','2025-06-14 12:01:29','2025-06-14 12:01:29'),(92,52,27,2,'black c2','2025-06-14 12:01:37','2025-06-14 12:01:37'),(93,52,27,5,'black 5','2025-06-14 12:02:59','2025-06-14 12:02:59'),(94,52,27,4,'black 4 draft','2025-06-14 12:03:10','2025-06-14 12:03:10'),(95,53,27,1,'black 2 c1','2025-06-14 12:03:47','2025-06-14 12:03:47'),(96,54,24,1,'The Whisper Room\n-------------------------------\nThey called it Room Five.\n\nEvery door in Westwood Dorm had been opened—except one. Painted shut, padlocked, even bricked behind a shelf. But everyone whispered about it.\n\n“Someone screamed in there once,” said Jenny, the RA.\n\n“People disappear,” added Mark, her roommate.\n\nLena didn’t believe in ghost stories. She was new, skeptical, and curious. So, late one night, she sneaked out, flashlight in hand. The hallway felt colder than usual. The flickering lights above buzzed like whispers.\n\nShe stood before the sealed room, heart thumping. The number 5 was barely visible under layers of peeling paint. Her fingers tingled as she touched the doorknob—rusted shut.\n\nSuddenly, it clicked.\n\nThe lock… had just opened by itself.\n\nShe staggered back, but the door creaked open an inch, as if inviting her. From inside came the unmistakable sound of breathing. Heavy. Slow.\n\nShe leaned forward, trying to see.\n\nSilence.\n\nThen—\n\nA whisper.\n\n“Come in.”\n\nShe ran.','2025-06-28 19:56:34','2025-06-28 19:58:18'),(97,54,24,2,'Mirror Faces\nLena tried to tell Jenny, but she laughed it off. “You were just dreaming. That door hasn’t opened in decades.”\n\nBut Lena knew what she saw.\n\nThat night, the whispers returned. But now, they were everywhere—in the vents, behind the walls, in the mirror.\n\nAs she brushed her teeth, the bathroom mirror fogged over from steam. Words formed slowly:\n\n“You opened it.”\n\nShe wiped it away, only to find something else—her reflection wasn\'t matching her movements. It smiled when she didn’t. It blinked too late. She stepped back.\n\nHer reflection whispered: “Room Five is yours now.”\n\nThe lights flickered. Behind her, a shadow moved across the shower curtain. But when she turned, nothing was there.\n\nLena slept with the light on.\n\nBut she couldn’t stop the dreams—always the same hallway, always the fifth door opening wider.','2025-06-28 19:56:52','2025-06-28 19:56:52'),(98,54,24,3,'The Missing Ones\n------------------------\nThe next morning, Mark was gone.\n\nNo one had seen him leave. His phone, books, and jacket were still in his room. His bed untouched.\n\nThen it happened again.\n\nSasha from 2B. Then the tall kid from the cafeteria. Three students gone within a week. No forced entry. No noise. Just gone.\n\nLena scoured the internet. There had been eight disappearances in the past ten years from Westwood Dorm. All unsolved.\n\nThey had one thing in common: all stayed on the west hall, near Room Five.\n\nShe returned to the door—this time with a camera.\n\nThe door opened before she even touched it.\n\nInside, dust floated in the air like snow. The room was completely empty. No furniture. No bed. Just four blank walls.\n\nThen she realized—there were five walls.\n\nThe fifth wall had no window. No exit. Only a full-length mirror—and in it, Mark stood silently, staring back.','2025-06-28 19:57:17','2025-06-28 19:57:17'),(99,54,24,4,'Don’t Look Too Long\n------------------------------\nLena blinked. The mirror image didn’t.\n\nShe stepped closer. Mark looked pale, lost—his mouth opened like he wanted to scream, but no sound came out. Behind him, in the reflection, shadows moved.\n\nShe turned. The real room was empty.\n\nWhen she turned back to the mirror—she was in it. Looking into the dorm from the other side.\n\nNo sound. No escape.\n\nShe banged on the glass, but it echoed like stone. Mark grabbed her arm. “You looked too long,” he mouthed. “Now you’re one of us.”\n\nIn the real world, Lena’s body went still, eyes glazed. To everyone else, she had just collapsed. The nurse said she fainted. But her friends couldn’t wake her.\n\nInside the mirror, Lena watched the real world move on without her.\n\nShe wasn’t the last.','2025-06-28 19:57:40','2025-06-28 19:57:40'),(101,55,26,1,'The Ticking Room\n----------------------------\nEvelyn stumbled into the antique store to escape the rain, her umbrella nearly turning inside out in the wind. The store smelled of old paper and forgotten dreams. She wandered between shelves of curiosities until she heard a rhythmic ticking that seemed to call her name. At the back of the store was a small door, slightly ajar, leading to a dim room full of clocks.\n\nClocks of every kind lined the walls—pendulum clocks, pocket watches, cuckoo clocks—all ticking in perfect harmony. In the middle sat an old man with silver spectacles and a kind smile. He adjusted gears with delicate tools.\n\n“These clocks don’t just tell time,” he said without looking up. “They remember it.”\n\nOne particular watch caught her eye—a gold one, dusty and still. “Why doesn’t it tick?” she asked.\n\n“It’s waiting,” he replied cryptically.\n\nFor what, he didn’t say.\n\nEvelyn returned the next day, and the next. Something about the place felt alive, and the golden watch whispered to her with its silence.','2025-06-29 21:29:23','2025-06-29 21:29:23'),(102,55,26,2,'Time Unwound\n-------------------------------\nOn the fourth visit, Evelyn couldn\'t resist. She gently picked up the golden watch. The moment her fingers wrapped around it, the air shimmered. The room dissolved, and suddenly she was standing on a cobbled street in the middle of a war-torn city, smoke rising in the distance.\n\nPeople rushed past in clothes from another era. Sirens wailed. A woman nearby screamed, “Emile!”—then vanished. Evelyn’s heart pounded.\n\nThe watch was showing her a memory.\n\nShe let go and fell backward, landing on the wooden floor of the clock room. Gasping, she looked at the watch in her hand, which now ticked softly.\n\nThe clockmaker appeared beside her, calm as ever. “Time reveals truth to those who listen.”\n\n“Was that... real?” Evelyn asked.\n\n“It was a moment that mattered, once,” he said. “Sometimes, time invites us to understand before we move forward.”\n\nShe stared at the watch, the ticking now syncing with her heartbeat. Something inside her had shifted.','2025-06-29 21:29:53','2025-06-29 21:29:53'),(103,56,24,1,'The Static Message\n----------------------------------\nThe radio room was unusually silent except for the low hum of the machines. Jared Ross, a graveyard shift technician at Station 94.3, had worked hundreds of late nights, tuning signals and adjusting frequencies. But tonight, something felt… off.\n\nAs he rotated the dial to filter out static, a new signal bled through. It wasn’t a broadcast — it was a whisper. Then a series of numbers.\n\n“Delta-7… Sierra-1… Terminate.”\n\nJared froze. He leaned in, adjusting the gain to get a clearer sound. The message repeated.\n\n“Delta-7… Sierra-1… Terminate.”\n\nHe recorded it, heart racing. It didn’t match any known transmission code. Before he could alert anyone, the station lights flickered. A thud echoed behind the service door.\n\n“Who\'s there?” he called out.\n\nNo reply.\n\nHe saved the audio to a USB, slipped it into his pocket, and locked the broadcast room. But the hallway lights were out now. And in the darkness, Jared could feel he wasn’t alone.','2025-06-29 21:37:32','2025-06-29 21:37:32'),(104,56,24,2,'The Red Folder\n-------------------------------\nJared didn’t go home. He drove straight to his friend Mia\'s apartment — a former data analyst with connections to the underground signal surveillance networks. She listened to the audio and paled.\n\n“This isn’t a random signal,” she whispered. “It’s a kill code. These are real targets.”\n\nMia pulled out a red folder from her old security case. Inside were classified names and files — operations tagged “Deep Echo.”\n\nJared’s name was on the list.\n\n“You’ve been marked,” Mia said. “And if you heard that signal, they know you did.”\n\nThey barely had time to process it before Mia’s window shattered. A dart embedded in her wall. They hit the floor. Jared grabbed the USB and folder, dragging Mia into the stairwell.\n\nSirens sounded outside, but it wasn’t the police.\n\n“We need to vanish,” Jared said. “And fast.”','2025-06-29 21:37:59','2025-06-29 21:37:59'),(105,56,24,3,'The Man in Gray\n----------------------------\nBy morning, they were off-grid in an abandoned train yard. Jared studied the names in the red folder. A few were crossed out. Others were still “active.”\n\nThey needed answers.\n\nThat’s when the man in gray appeared — tall, emotionless, and clearly trained. He didn’t pull a weapon. He handed Jared a burner phone.\n\n“You have 72 hours,” he said. “Deliver the folder to Vault Seven or everyone on that list dies.”\n\n“Why us?” Jared asked.\n\nThe man paused. “You were never supposed to hear it. But now, you\'re part of the protocol.”\n\nThen he vanished between rusted freight cars.\n\nMia powered on the phone. One GPS coordinate. Northern forestland — no roads, no data signal.\n\nA setup, or a chance to end this?\n\nJared chose to go.','2025-06-29 21:38:25','2025-06-29 21:38:25'),(106,56,24,4,'Vault Seven\n----------------------------\nAfter hours of hiking, they found a camouflaged entrance carved into a cliff face. “Vault Seven” was etched into the concrete wall.\n\nInside, cold air and humming tech welcomed them.\n\nJared placed the folder on a sensor pad. Lights turned green. A voice boomed:\n\n“Transfer acknowledged. Integrity breach detected. Engaging purge.”\n\nMetal doors sealed behind them.\n\nScreens lit up with every name on the kill list. Red marks blinked beside several.\n\nThen Jared saw a live feed — of him. Inside the vault.\n\n“We’ve been lured into a coffin,” Mia muttered.\n\nBut Jared spotted a maintenance panel. He jammed the vault override. Alarms blared. A countdown started.\n\n“Ten seconds,” the voice warned.\n\nThey ran — barely making it out before the vault exploded behind them.','2025-06-29 21:38:50','2025-06-29 21:38:50'),(110,58,26,1,'The Moonborn Gift \n-------------------------------------\nLiora had always felt strange under the moonlight. While others slept, she wandered the forest, where the trees whispered her name. On her sixteenth birthday, a silver mark bloomed on her palm—the Moonmark, a gift seen once in a generation. Her village elder paled when he saw it. “You’re the chosen, Liora. The stars have named you.” That night, the moon hung low and bright, bathing the woods in silver. Liora followed its light to a hidden grove she\'d never seen before. At the center stood a tree with glowing roots, and a boy no older than her, dressed in robes of twilight. “I’ve waited centuries,” he said, eyes shining with stardust. “You must awaken the grove, or the magic of this world will die.” The tree pulsed with energy. The wind carried ancient songs. The stars, once distant, now watched her closely.','2025-06-29 23:28:29','2025-06-29 23:28:29'),(111,58,26,2,'The Grove Awakens \n------------------------------------\nThe boy called himself Caelen, last of the starbound. “This grove was once sacred. Now it sleeps.” Liora touched the glowing bark, and warmth surged through her veins. Her Moonmark pulsed. All around, the grove came alive—petals unfurling, vines trembling, light spinning like fireflies. Caelen handed her a crystal vial. “The grove’s heart must be taken to the Celestial Spire before the next lunar eclipse. Or the darkness wins.” Liora had never left her village, but something in her stirred—courage, perhaps. As she stepped away from the grove, shadows followed. Creatures called the Umbra, made of smoke and hunger, sensed her rise. “They’ll hunt you now,” Caelen warned. “The stars chose you, but the darkness never forgets.” That night, Liora’s dreams burned with images of a shattered sky, a black sun, and herself, standing at the edge of the world—alone but glowing with moonlight.','2025-06-29 23:28:57','2025-06-29 23:28:57'),(112,58,26,3,'Wings of Windfire \n--------------------------\nLiora and Caelen journeyed beyond the valley, through mountains that hummed with old magic. At dusk, they reached the Windfire Cliffs, home to the last skybeast—Aera, a dragon woven from mist and flame. She tested Liora with riddles and a gust strong enough to flatten trees. “What shines brightest but never burns?” Liora whispered, “Hope.” Aera smiled. “Then ride.” On dragonback, they soared toward the Celestial Spire, stars guiding them like fireflies. But the Umbra attacked mid-flight—shadowy tendrils grasping from storm clouds. Caelen conjured shields of light while Liora reached into herself, her Moonmark blinding. She whispered the grove’s lullaby, and a beam of starlight blasted through the darkness, tearing the sky open. The Umbra fell back. “You are more than chosen,” Caelen said breathlessly. “You are becoming.” Below, the Spire waited, tall as dreams, ancient as the first light.','2025-06-29 23:29:31','2025-06-29 23:29:31'),(113,59,34,1,'g','2025-06-30 03:30:42','2025-06-30 03:30:42'),(114,59,34,2,'2','2025-06-30 03:30:54','2025-06-30 03:30:54'),(115,58,24,5,'hhhhhhhhhhhhhh','2025-06-30 05:07:53','2025-06-30 05:07:53'),(116,60,26,1,'hhhhhhh','2025-06-30 05:18:46','2025-06-30 05:18:46'),(125,62,24,1,'In the kingdom of Velmira, magic was outlawed. Ever since the Sorcerer Wars ended, enchantments were hunted, and mystical creatures were either destroyed or locked away.\n\nTalia was a servant girl in the citadel, with calloused hands and a quiet soul. Her only comfort was the small, blue-glowing butterfly she kept in a jar under her bed.\n\nShe’d found it as a child, hiding in the ruins near the forbidden forest. No one knew. She whispered to it every night. It never spoke back—until her sixteenth birthday.\n\nAs the bells of midnight rang, the butterfly shimmered.\n\nAnd then it spoke.\n\n“You are not who you think you are.”','2025-07-12 19:52:13','2025-07-12 19:52:13'),(126,62,24,2,'Talia’s heart thundered. The butterfly, glowing with sapphire light, flapped once—and her room exploded in color.\n\nMemories poured into her head—not hers, but a life she had forgotten.\n\nShe was the daughter of a Skyweaver, a people who could speak to butterflies—creatures of ancient power who guarded the threads of fate.\n\nHer mother had caged her magic to protect her during the war. The butterfly was her guardian, bound to her by ancient spell.\n\n\"You were hidden in plain sight,\" the creature whispered. \"But the spell is fading.\"\n\nSuddenly, a cold wind swept through the castle.\n\nThe butterfly flapped in panic.\n\n“They’ve found us.”','2025-07-12 19:52:36','2025-07-12 19:52:36');
/*!40000 ALTER TABLE `chapters` ENABLE KEYS */;
UNLOCK TABLES;

--
-- Table structure for table `chat_messages`
--

DROP TABLE IF EXISTS `chat_messages`;
/*!40101 SET @saved_cs_client     = @@character_set_client */;
/*!50503 SET character_set_client = utf8mb4 */;
CREATE TABLE `chat_messages` (
  `message_id` int NOT NULL AUTO_INCREMENT,
  `group_id` int NOT NULL,
  `sender_id` int NOT NULL,
  `message` text CHARACTER SET utf8mb4 COLLATE utf8mb4_general_ci NOT NULL,
  `created_at` timestamp NOT NULL DEFAULT CURRENT_TIMESTAMP,
  `receiver_id` int DEFAULT NULL,
  `is_private` tinyint(1) DEFAULT '0',
  PRIMARY KEY (`message_id`),
  KEY `group_id` (`group_id`),
  KEY `sender_id` (`sender_id`),
  KEY `receiver_id` (`receiver_id`),
  CONSTRAINT `chat_messages_ibfk_1` FOREIGN KEY (`group_id`) REFERENCES `community_groups` (`group_id`) ON DELETE CASCADE,
  CONSTRAINT `chat_messages_ibfk_2` FOREIGN KEY (`sender_id`) REFERENCES `users` (`user_id`) ON DELETE CASCADE,
  CONSTRAINT `chat_messages_ibfk_3` FOREIGN KEY (`receiver_id`) REFERENCES `users` (`user_id`)
) ENGINE=InnoDB AUTO_INCREMENT=60 DEFAULT CHARSET=utf8mb4 COLLATE=utf8mb4_general_ci;
/*!40101 SET character_set_client = @saved_cs_client */;

--
-- Dumping data for table `chat_messages`
--

LOCK TABLES `chat_messages` WRITE;
/*!40000 ALTER TABLE `chat_messages` DISABLE KEYS */;
INSERT INTO `chat_messages` VALUES (1,1,9,'Hello everyone, welcome to Group 1!','2025-04-01 19:26:23',NULL,0),(2,1,7,'Thanks for the invite! Looking forward to it.','2025-04-01 19:26:23',NULL,0),(3,2,4,'Excited for Group 2! Let’s get started.','2025-04-01 19:26:23',NULL,0),(4,3,9,'I’m glad to be in this group, let’s have fun!','2025-04-01 19:26:23',NULL,0),(5,21,24,'hlw','2025-06-26 08:25:57',NULL,0),(6,21,24,'this is user 1111','2025-06-26 08:26:33',NULL,0),(7,21,26,'hi this is uer 2','2025-06-26 08:27:11',NULL,0),(8,23,24,'i read your book','2025-06-26 08:45:40',NULL,0),(9,23,26,'i am glad to hear that','2025-06-26 08:46:35',NULL,0),(10,21,24,'testing','2025-06-26 14:49:05',NULL,0),(11,21,24,'how this is working','2025-06-26 14:49:26',NULL,0),(12,21,24,'this is uer','2025-06-26 14:50:16',NULL,0),(13,21,26,'this is user 2','2025-06-26 15:00:52',NULL,0),(14,21,26,'.','2025-06-26 15:00:52',NULL,0),(15,21,26,'this is user 2','2025-06-26 15:00:58',NULL,0),(16,21,26,'is this working?','2025-06-26 15:01:01',NULL,0),(17,1,26,'hi','2025-06-26 15:01:04',NULL,0),(18,21,24,'is this working','2025-06-26 15:02:47',NULL,0),(19,21,28,'how does this work','2025-06-26 15:03:46',NULL,0),(20,21,24,'hi','2025-06-26 15:07:10',NULL,0),(21,21,24,'i have few book i want to exchange','2025-06-26 15:07:41',NULL,0),(22,21,28,'sure','2025-06-26 15:07:57',NULL,0),(23,21,24,'book1','2025-06-26 15:19:40',NULL,0),(24,21,24,'book 1','2025-06-26 15:20:57',NULL,0),(25,21,24,'book2','2025-06-26 15:21:10',NULL,0),(26,21,24,'book3','2025-06-26 15:21:19',NULL,0),(27,21,34,'hi','2025-06-26 15:22:10',NULL,0),(28,21,32,'i am new','2025-06-26 15:30:22',NULL,0),(29,21,31,'hi','2025-06-26 15:37:05',NULL,0),(30,18,24,'hlw','2025-06-26 17:46:40',NULL,0),(31,19,24,'h','2025-06-26 17:49:57',NULL,0),(32,19,24,'h','2025-06-26 17:50:28',NULL,0),(35,21,26,'hlw','2025-06-26 18:29:22',NULL,0),(36,21,26,'is this working','2025-06-26 18:29:43',NULL,0),(37,21,26,'book bok','2025-06-26 18:42:04',NULL,0),(38,21,24,'book1','2025-06-26 18:45:02',NULL,0),(39,21,24,'book1','2025-06-26 18:45:02',NULL,0),(40,21,24,'book1 1','2025-06-26 18:45:38',NULL,0),(41,21,24,'book1 1','2025-06-26 18:45:38',NULL,0),(42,21,24,'book2','2025-06-26 18:48:31',NULL,0),(43,21,24,'book2','2025-06-26 18:48:31',NULL,0),(44,21,26,'book 3','2025-06-26 18:53:46',NULL,0),(45,21,26,'book 3','2025-06-26 18:53:46',NULL,0),(46,21,26,'book4','2025-06-26 18:57:48',NULL,0),(47,21,26,'book5','2025-06-26 19:17:42',NULL,0),(48,21,26,'book 6','2025-06-26 19:20:40',NULL,0),(49,21,26,'today','2025-06-29 23:01:08',NULL,0),(55,21,34,'hhhh','2025-06-30 03:25:31',NULL,0),(56,24,32,'gggg','2025-06-30 03:42:46',NULL,0),(57,21,24,'jjjjjjjjjjjjjjjjjj','2025-06-30 05:11:21',NULL,0),(58,21,24,'hw','2025-07-12 19:54:19',NULL,0);
/*!40000 ALTER TABLE `chat_messages` ENABLE KEYS */;
UNLOCK TABLES;

--
-- Table structure for table `collaboration_invites`
--

DROP TABLE IF EXISTS `collaboration_invites`;
/*!40101 SET @saved_cs_client     = @@character_set_client */;
/*!50503 SET character_set_client = utf8mb4 */;
CREATE TABLE `collaboration_invites` (
  `invite_id` int NOT NULL AUTO_INCREMENT,
  `book_id` int NOT NULL,
  `inviter_id` int NOT NULL,
  `invitee_email` varchar(255) CHARACTER SET utf8mb4 COLLATE utf8mb4_general_ci NOT NULL,
  `invite_code` varchar(10) CHARACTER SET utf8mb4 COLLATE utf8mb4_general_ci NOT NULL,
  `status` enum('Pending','Accepted','Declined') CHARACTER SET utf8mb4 COLLATE utf8mb4_general_ci DEFAULT 'Pending',
  `created_at` timestamp NOT NULL DEFAULT CURRENT_TIMESTAMP,
  `message` text CHARACTER SET utf8mb4 COLLATE utf8mb4_general_ci,
  PRIMARY KEY (`invite_id`),
  UNIQUE KEY `invite_code` (`invite_code`),
  KEY `book_id` (`book_id`),
  KEY `inviter_id` (`inviter_id`),
  CONSTRAINT `collaboration_invites_ibfk_1` FOREIGN KEY (`book_id`) REFERENCES `books` (`book_id`) ON DELETE CASCADE,
  CONSTRAINT `collaboration_invites_ibfk_2` FOREIGN KEY (`inviter_id`) REFERENCES `users` (`user_id`) ON DELETE CASCADE
) ENGINE=InnoDB AUTO_INCREMENT=74 DEFAULT CHARSET=utf8mb4 COLLATE=utf8mb4_general_ci;
/*!40101 SET character_set_client = @saved_cs_client */;

--
-- Dumping data for table `collaboration_invites`
--

LOCK TABLES `collaboration_invites` WRITE;
/*!40000 ALTER TABLE `collaboration_invites` DISABLE KEYS */;
INSERT INTO `collaboration_invites` VALUES (1,1,9,'grace@example.com','INV123456','Accepted','2025-04-01 18:07:54',NULL),(3,2,4,'frank@example.com','INV123457','Pending','2025-04-01 18:21:37','I’m excited to help write Lavender Garden. I’m passionate about fantasy stories!'),(4,2,4,'grace@example.com','INV123458','Accepted','2025-06-04 21:03:23','I’d love to collaborate on Lavender Garden. I have ideas for the magical plot!'),(5,11,9,'alice@example.com','INV123459','Declined','2025-06-10 17:04:15','Hi, I’m interested in co-authoring Book 10. I love adventure stories and have epic ideas!'),(6,11,9,'newadventure@example.com','INV123460','Pending','2025-06-04 20:34:00','I’d love to join your adventure book project. I’m great at crafting thrilling scenes!'),(7,15,9,'bob@example.com','INV123461','Pending','2025-06-04 20:35:00','Excited to collaborate on your sci-fi book. I have ideas for futuristic battles!'),(8,17,9,'charlie@example.com','INV123462','Pending','2025-06-04 20:36:00','I’d love to help with your historical epic. I’m a history buff with story ideas!'),(9,19,9,'emma@example.com','INV123463','Pending','2025-06-04 20:37:00','Hi, I want to collaborate on your youth fiction book. I’m great with kid-friendly stories!'),(10,21,24,'henry@example.com','INV123464','Pending','2025-06-04 20:38:00','testing 222I’m eager to co-author your thriller mystery. I have ideas for suspenseful twists!'),(11,21,24,'newmystery@example.com','INV123465','Pending','2025-06-04 20:39:00','333333333333'),(12,23,24,'jack@example.com','INV123466','Pending','2025-06-04 20:40:00','Hi, I’d love to work on your horror book. I’m great at spooky atmospheres!'),(13,25,24,'alice@example.com','INV123467','Accepted','2025-06-10 17:02:16','Excited to collaborate on your thriller. I have ideas for intense scenes!'),(14,27,24,'bob@example.com','INV123468','Pending','2025-06-04 20:42:00','I’d love to help write your fantasy book. I’m passionate about magical worlds!'),(15,1,9,'alice@example.com','INV123469','Accepted','2025-06-04 20:58:00','Excited to have you join Bob\'s Mystery Novel as a co-author!'),(16,2,4,'bob@example.com','INV123470','Declined','2025-06-04 20:58:00','Would love your input on Lavender Garden!'),(17,11,9,'charlie@example.com','INV123471','Accepted','2025-06-04 20:58:00','Join me for an epic adventure in Book 10!'),(18,15,9,'emma@example.com','INV123472','Declined','2025-06-04 20:58:00','Help craft the sci-fi battles in Book 9!'),(19,1,9,'charlie@example.com','INV123473','Accepted','2025-06-04 21:02:00','Join Bob\'s Mystery Novel as a co-author, Charlie!'),(20,2,4,'frank@example.com','INV123474','Accepted','2025-06-04 21:02:00','Excited for you to join Lavender Garden, Frank!'),(21,11,9,'jack@example.com','INV123475','Accepted','2025-06-04 21:02:00','Join the adventure in Book 10, Jack!'),(22,11,9,'alice@example.com','INV123476','Accepted','2025-06-04 21:02:00','Alice, help craft Book 10’s epic story!'),(23,12,9,'bob@example.com','INV123477','Accepted','2025-06-04 21:02:00','Bob, join the romance in Book 6!'),(24,12,9,'emma@example.com','INV123478','Accepted','2025-06-04 21:02:00','Emma, add your touch to Book 6’s love story!'),(25,13,9,'alice@example.com','INV123479','Accepted','2025-06-04 21:02:00','Alice, join the spooky tale in Book 7!'),(26,13,9,'charlie@example.com','INV123480','Accepted','2025-06-04 21:02:00','Charlie, help make Book 7 chilling!'),(27,2,4,'emma@example.com','INV123481','Accepted','2025-06-04 21:03:23','Emma, join Lavender Garden as a co-author!'),(28,11,9,'emma@example.com','INV123482','Accepted','2025-06-04 15:02:00','Emma, join the adventure in Book 10!'),(29,15,9,'jack@example.com','INV123483','Accepted','2025-06-04 15:02:00','Jack, help craft the sci-fi battles in Book 9!'),(31,1,24,'isabel@example.com','a6f13ec9-b','Pending','2025-06-05 20:34:41','requesting for colab'),(32,23,1,'1@gmail.com','INV654371','Accepted','2025-06-11 06:26:00','Excited to collaborate on your horror book!'),(33,23,2,'1@gmail.com','INV654372','Accepted','2025-06-11 06:26:00','I’d love to help with your spooky story!'),(34,23,3,'1@gmail.com','INV654373','Accepted','2025-06-11 06:26:00','Interested in co-authoring your horror novel!'),(35,23,5,'1@gmail.com','INV654374','Accepted','2025-06-11 06:26:00','Your book sounds thrilling, let’s work together!'),(36,23,7,'1@gmail.com','INV654375','Declined','2025-06-11 06:26:00','I have ideas to make your horror book even scarier!'),(37,1,24,'isabel@example.com','INV654376','Pending','2025-06-11 06:26:00','I’d love to join Bob’s Mystery Novel as a co-author!'),(38,2,24,'david@example.com','INV654377','Pending','2025-06-11 06:26:00','Excited to contribute to Lavender Garden’s magical plot!'),(39,11,24,'isabel@example.com','INV654378','Pending','2025-06-11 06:26:00','I have epic ideas for Book 10’s adventure!'),(40,29,24,'2@gmail.com','INV654379','Pending','2025-06-11 06:26:00','111111111111111111111111111111111111111\n111111111111111111111111111111\n\n\nI’d love to help write your Pokémon sci-fi story!'),(52,18,24,'isabel@example.com','0b6991ee-6','Accepted','2025-06-10 20:19:34','tttttttttttttttttttttt\neeeeeeeeeeeeeee\nssssssssssss'),(53,1,27,'isabel@example.com','6a6c31a0-f','Pending','2025-06-13 15:35:40','hi colab tesing'),(54,47,24,'3@gmail.com','235b71c5-d','Accepted','2025-06-13 16:31:51','hi l would like to colab '),(55,2,29,'david@example.com','6b992de2-a','Pending','2025-06-14 13:26:24','would like to colab'),(56,53,24,'3@gmail.com','45617822-e','Pending','2025-06-14 14:53:06','i would like to colab'),(57,31,24,'2@gmail.com','1f1f89de-4','Accepted','2025-06-14 14:56:40','test'),(58,1,29,'isabel@example.com','5791cce1-5','Pending','2025-06-29 07:10:59','gggggggggggg'),(60,54,27,'1@gmail.com','9b280a17-6','Declined','2025-06-29 19:48:46','allow me to collab'),(61,1,24,'isabel@example.com','1d75fa65-2','Pending','2025-06-29 21:07:20','ggggggggggggggggg'),(62,51,24,'2@gmail.com','27cc3b2b-1','Pending','2025-06-29 21:15:00','will like to colab'),(63,30,24,'2@gmail.com','a26713cf-c','Accepted','2025-06-29 21:15:36','can i colab'),(64,56,26,'1@gmail.com','f8d405c9-2','Declined','2025-06-29 22:56:41','m'),(65,1,34,'isabel@example.com','e0ab08a4-5','Pending','2025-06-30 03:23:40','dsfshguyt'),(66,58,24,'2@gmail.com','5f676653-f','Accepted','2025-06-30 05:06:07','jjjjjjjjjjjjjjjjjjjj');
/*!40000 ALTER TABLE `collaboration_invites` ENABLE KEYS */;
UNLOCK TABLES;

--
-- Table structure for table `community_groups`
--

DROP TABLE IF EXISTS `community_groups`;
/*!40101 SET @saved_cs_client     = @@character_set_client */;
/*!50503 SET character_set_client = utf8mb4 */;
CREATE TABLE `community_groups` (
  `group_id` int NOT NULL AUTO_INCREMENT,
  `admin_id` int NOT NULL COMMENT 'User ID of the group admin',
  `created_at` timestamp NOT NULL DEFAULT CURRENT_TIMESTAMP COMMENT 'Timestamp when group was created',
  `group_name` varchar(255) CHARACTER SET utf8mb4 COLLATE utf8mb4_0900_ai_ci DEFAULT NULL,
  `book_id` int DEFAULT NULL COMMENT 'ID of the corresponding book',
  `is_default` tinyint(1) DEFAULT '0',
  PRIMARY KEY (`group_id`),
  KEY `admin_id` (`admin_id`),
  KEY `fk_community_groups_book_id` (`book_id`),
  CONSTRAINT `community_groups_ibfk_1` FOREIGN KEY (`admin_id`) REFERENCES `users` (`user_id`),
  CONSTRAINT `fk_community_groups_book_id` FOREIGN KEY (`book_id`) REFERENCES `books` (`book_id`) ON DELETE RESTRICT
) ENGINE=InnoDB AUTO_INCREMENT=33 DEFAULT CHARSET=utf8mb4 COLLATE=utf8mb4_general_ci;
/*!40101 SET character_set_client = @saved_cs_client */;

--
-- Dumping data for table `community_groups`
--

LOCK TABLES `community_groups` WRITE;
/*!40000 ALTER TABLE `community_groups` DISABLE KEYS */;
INSERT INTO `community_groups` VALUES (1,9,'2025-04-01 19:25:54','Bob\'s Mystery Novel',1,0),(2,4,'2025-04-01 19:25:54','Lavender Garden',2,0),(3,9,'2025-04-01 19:25:54','Book 10',11,0),(4,3,'2025-04-01 19:25:54','Placeholder for Group 4',36,0),(16,9,'2025-06-11 13:37:00','Book 9',15,0),(17,26,'2025-06-11 13:37:00','pokemon',29,0),(18,27,'2025-06-11 13:37:00','crop testing',32,0),(19,24,'2025-06-11 13:37:00','Mid night',34,0),(21,1,'2025-06-11 13:48:00','Book Exchange',NULL,1),(23,26,'2025-06-26 08:44:13','mastesr lil',31,0),(24,24,'2025-06-26 17:46:59','Full moon',37,0),(27,24,'2025-06-26 18:24:09','no cover 2',41,0);
/*!40000 ALTER TABLE `community_groups` ENABLE KEYS */;
UNLOCK TABLES;

--
-- Table structure for table `contest_entries`
--

DROP TABLE IF EXISTS `contest_entries`;
/*!40101 SET @saved_cs_client     = @@character_set_client */;
/*!50503 SET character_set_client = utf8mb4 */;
CREATE TABLE `contest_entries` (
  `entry_id` int NOT NULL AUTO_INCREMENT,
  `contest_id` int NOT NULL COMMENT 'Contest ID the entry is for',
  `user_id` int NOT NULL COMMENT 'User ID of the participant',
  `submission_date` timestamp NOT NULL DEFAULT CURRENT_TIMESTAMP COMMENT 'Timestamp of submission',
  `vote_count` int DEFAULT '0' COMMENT 'Number of votes received',
  `entry_title` varchar(255) CHARACTER SET utf8mb4 COLLATE utf8mb4_general_ci NOT NULL COMMENT 'Name of the content',
  `content` longtext CHARACTER SET utf8mb4 COLLATE utf8mb4_general_ci NOT NULL COMMENT 'The actual content of the entry (the story or written piece).',
  `cover_photo` varchar(255) CHARACTER SET utf8mb4 COLLATE utf8mb4_general_ci DEFAULT NULL COMMENT 'URL of the contest entry cover photo',
  PRIMARY KEY (`entry_id`),
  UNIQUE KEY `unique_contest_entry_title` (`contest_id`,`entry_title`),
  KEY `contest_id` (`contest_id`),
  KEY `user_id` (`user_id`),
  CONSTRAINT `contest_entries_ibfk_1` FOREIGN KEY (`contest_id`) REFERENCES `contests` (`contest_id`) ON DELETE CASCADE,
  CONSTRAINT `contest_entries_ibfk_2` FOREIGN KEY (`user_id`) REFERENCES `users` (`user_id`) ON DELETE CASCADE
) ENGINE=InnoDB AUTO_INCREMENT=115 DEFAULT CHARSET=utf8mb4 COLLATE=utf8mb4_general_ci;
/*!40101 SET character_set_client = @saved_cs_client */;

--
-- Dumping data for table `contest_entries`
--

LOCK TABLES `contest_entries` WRITE;
/*!40000 ALTER TABLE `contest_entries` DISABLE KEYS */;
INSERT INTO `contest_entries` VALUES (1,1,5,'2025-04-01 18:27:04',6,'The Enchanted Forest','Chapter 1: The Hidden Path – Lily stumbles upon a secret entrance in the forest...\nChapter 2: The Guardians’ Quest – Lily learns she is the chosen one destined to protect the forest...\nChapter 3: The Final Battle – Lily and her allies confront the dark sorcerer...','c_1.png'),(4,1,4,'2025-04-01 18:27:19',4,'The Crystal of Aetheria','Chapter 1: The Prophecy Unfolds – Finn learns about the ancient crystal...\nChapter 2: The Journey Begins – Finn and his companions cross dangerous lands...\nChapter 3: The Crystal’s Power – Finn faces the guardian of the crystal...','c_2.png'),(7,1,3,'2025-04-01 18:27:29',1,'The Lost Kingdom','Chapter 1: The Forgotten Map – Aria finds a map...\nChapter 2: The Awakening – Aria accidentally awakens an ancient force...\nChapter 3: The Battle for the Kingdom – Aria must fight against the evil forces...','c_3.png'),(10,2,7,'2025-04-01 18:33:11',4,'The Midnight Caller','Chapter 1: The First Call – Detective Riley receives a chilling call...\nChapter 2: The Cryptic Clue – A second call leads Riley to an eerie pattern...\nChapter 3: Chasing Shadows – Riley suspects a connection...\nChapter 4: The Confrontation – Riley corners the killer...\nChapter 5: The Final Decision – In a final showdown...','c_4.png'),(15,2,9,'2025-04-01 18:33:11',4,'The Forgotten Witness','Chapter 1: The Vanishing – Claire is called to investigate...\nChapter 2: The Mysterious Claim – An elderly man insists...\nChapter 3: Chasing Shadows – Claire discovers disturbing connections...\nChapter 4: The Hidden Link – Claire uncovers a buried conspiracy...\nChapter 5: The Final Revelation – With the clock ticking...','c_5.png'),(20,2,4,'2025-04-01 18:33:11',0,'The Vanishing Point','Chapter 1: Into the Unknown – Max begins investigating...','c_6.png'),(21,3,1,'2025-04-01 18:35:11',2,'The Secret of Pinehill','Chapter 1: The Mysterious Map – The friends find the old map...\nChapter 2: The Hidden Chamber – They race against time...','c_7.png'),(23,3,2,'2025-04-01 18:35:11',1,'The Midnight Escape','Chapter 1: The Forbidden Park – The friends sneak into an abandoned amusement park...\nChapter 2: The Escape – Realizing the park’s eerie powers...','c_8.png'),(25,3,3,'2025-04-01 18:35:11',6,'The Lost Key','Chapter 1: The Key in the Park – The three friends stumble upon an old key...\nChapter 2: The Hidden Doorway – The friends open the door to a magical world...','c_9.png'),(27,4,6,'2025-04-01 18:41:59',3,'Shattered Alibis','Chapter 1: The Accusation – Claire takes on the case of a man accused of a high-profile murder.\nChapter 2: Unraveling the Truth – Claire uncovers conflicting evidence...','c_10.png'),(29,4,7,'2025-04-01 18:41:59',2,'Crimson Lies','Chapter 1: The Robbery – Detective Carter investigates a robbery...\nChapter 2: The Trail of Lies – Alex uncovers a series of connections...\nChapter 3: Confronting the Truth – Alex faces a betrayal...',NULL),(32,4,8,'2025-04-01 18:41:59',1,'The Silent Witness','Chapter 1: The First Murder – Jenna is assigned to a case that seems like an open-and-shut murder...',NULL),(34,1,24,'2025-06-07 19:44:56',2,'book no 2','book 2 des','c_2.png'),(35,1,24,'2025-06-07 19:55:29',1,'book 1','book 1 d','c_1.png'),(37,2,24,'2025-06-07 20:10:52',2,'2','22','c_6.png'),(38,2,24,'2025-06-07 20:16:37',1,'3','33','c_3.png'),(39,3,24,'2025-06-08 07:09:19',1,'8','88','c_5.png'),(40,4,24,'2025-06-08 07:20:12',0,'8c','crime horror',NULL),(41,4,24,'2025-06-08 07:20:42',0,'10','10','c_10.png'),(42,4,24,'2025-06-08 07:36:24',0,'test','test',NULL),(43,3,24,'2025-06-08 08:38:26',0,'youth fiction 1','111',NULL),(44,3,24,'2025-06-08 08:54:18',0,'you','yout',NULL),(45,2,24,'2025-06-08 10:48:13',2,'test 1','test 11',NULL),(46,3,24,'2025-06-08 10:51:22',0,'test 2','test 22',NULL),(47,2,24,'2025-06-08 10:53:29',1,'test 3','test 33',NULL),(48,1,24,'2025-06-08 11:01:21',1,'test 3','test 33',NULL),(49,4,24,'2025-06-08 11:04:07',0,'crime horror 1','ch',NULL),(50,4,24,'2025-06-08 11:11:06',0,'crime horror 2','crime horror2',NULL),(51,1,24,'2025-06-08 11:17:40',0,'fantasy 1','fantasy1',NULL),(52,1,24,'2025-06-08 11:20:17',0,'fantasy 2','fantasy 2',NULL),(53,1,24,'2025-06-08 11:23:19',0,'fantasy 3','fantasy 3',NULL),(54,1,24,'2025-06-08 11:23:48',0,'fantasy 4','fantasy 4',NULL),(55,2,24,'2025-06-08 12:21:09',0,'photo test','photo test','fantasy.png'),(56,2,24,'2025-06-08 12:28:48',0,'photo test2','photo test','fantasy.png'),(57,2,24,'2025-06-08 12:31:34',1,'photo test 3','3','ccp_1.png'),(58,1,24,'2025-06-08 12:32:11',0,'photo test','f','ccp_2.png'),(59,3,24,'2025-06-08 13:54:42',0,'photo test','photo test','ccp_3.png'),(60,4,27,'2025-06-08 14:12:44',2,'testing 305','305 \nchapter 1\nchapter 2','ccp_4.png'),(61,2,27,'2025-06-08 14:13:53',1,'code name 333','333','ccp_5.png'),(62,2,27,'2025-06-08 14:41:05',0,'photo crop testing','pct','ccp_6.png'),(63,3,26,'2025-06-08 14:53:14',0,'crop photo testing','cpt 2','ccp_7.png'),(64,3,24,'2025-06-14 14:18:56',0,'T','T1',NULL),(65,3,28,'2025-06-14 14:30:14',0,'$4','my first contest entry','ccp_8.png'),(66,4,28,'2025-06-14 14:43:34',0,'1','1',NULL),(67,2,28,'2025-06-14 14:44:04',0,'33','2',NULL),(68,2,2,'2025-06-22 06:12:30',0,'1test','1','°Рисуем в нейросети_°Иллюстрации_Клипарт_Промты_.jpg'),(69,2,6,'2025-06-22 19:08:27',5,'The Disappearing Light','Chapter 1: The Power Cut\nIt began with a blackout. Just past 11 p.m., the entire street plunged into darkness. Claire stood at her window, heart racing. The storm outside had raged for hours, but this silence felt unnatural. Across the street, Mr. Harold\'s porch light flickered, then died. Suddenly, a shadow darted across the sidewalk. Claire stepped back, breathing heavily. This wasn’t just a power failure—it felt like a warning. Grabbing her flashlight, she tiptoed to the basement, where the fuse box hummed. Just as she reached for the switch, a cold hand clamped down on her shoulder. She froze. The air smelled metallic. Turning around, no one was there. Only silence. She backed away slowly. Upstairs, the floorboards creaked. Someone was in the house. She turned off the flashlight and hid behind the furnace, clutching her phone with trembling fingers. No service. The darkness wasn’t empty—it was watching.\n\nChapter 2: Footsteps\nClaire held her breath as footsteps echoed above. Slow. Heavy. Deliberate. Her mind raced—was it a burglar, or something worse? A drawer opened upstairs. The intruder wasn’t searching quietly. Claire’s eyes scanned the basement, landing on her dad’s old crowbar. She crept to it, grasping the cold iron. Another step. Then two. The stairs creaked. Someone was coming down. Claire tucked into the shadows, heart pounding like a drum. The flashlight beam returned—this time not hers. It scanned the room, inching closer. The light paused, right over her. She gripped the crowbar. A deep voice spoke, “I know you’re here.” Claire sprang up, swinging. The flashlight dropped, crashing to the floor. She bolted past him, up the stairs, ignoring the yell behind her. Upstairs, the storm had stopped. But outside her window, a van with its engine running waited in the rain.\n\nChapter 3: The Van\nClaire didn’t stop to think. She slammed the front door behind her and ran into the rain. The van’s headlights blinded her for a moment. The driver’s side opened. A man stepped out—tall, soaked, wearing black gloves. Claire darted into the bushes. He called out, “Claire? Come on, we’re late.” Her blood froze. How did he know her name? She crawled farther into the hedge, clutching her phone. Still no signal. The man got back into the van but didn’t leave. He was waiting. Watching. She couldn’t go back inside, not with the intruder down there. Just then, a second shadow approached the van—from the alley. They exchanged words too low to hear. Claire used the distraction to run, barefoot, down the street. She didn’t stop until she reached Mrs. Ellie\'s house. Lights were on. Claire rang the bell. No answer. She turned. The van was now parked outside.\n\nChapter 4: The Letter\nMrs. Ellie’s door creaked open—unlocked. Claire entered slowly. “Hello?” No response. Her wet feet left prints on the wooden floor. The TV buzzed static. A mug of tea sat untouched on the table. Something felt off. On the counter, a note: “Claire, if you’re reading this, don’t trust the police. He’s one of them.” Claire’s breath caught. Was this for her? Who wrote it? She flipped the page. “They’re watching you. Meet me at the lighthouse. Midnight.” Signed: E. Claire backed toward the door. A thud came from the hallway. She ducked into the pantry just as a figure stepped into the kitchen. Through the cracks, she saw the glint of a badge. A police officer. Her heart pounded. Was he the one from the van? The officer walked around slowly, calling her name softly. Claire stayed silent. Midnight was three hours away. Could she survive until then?\n\nChapter 5: The Escape\nAs the officer searched, Claire spotted an old cellar door in the pantry floor. She quietly pulled it open and climbed down, careful not to let it slam. The darkness below smelled of dust and oil. She felt her way forward until she found a narrow exit—leading to the backyard shed. The rain had stopped. The van was gone. She made a run for it, cutting through alleys until she reached her father’s workshop. It had been locked since his death last year. But Claire remembered the code: 0423—his badge number. Inside, dusty blueprints, a hidden safe, and folders. She opened one marked “Project Light.” Inside: maps, photos of the town, and surveillance images—of her. One showed her from tonight. She stared in horror. A noise at the door. Someone was trying to open it. She slammed the folder shut and backed away, crowbar in hand.\n\nChapter 6: Project Light\nA voice called through the door. “Claire. Please. I’m not here to hurt you.” She didn’t recognize it. “I worked with your father. He knew they were coming. He tried to stop it.” Claire hesitated. “What’s Project Light?” she asked. Silence. Then, “It’s not a project. It’s a person. You.” The door creaked open slowly. A woman entered, hands raised. “I’m Ellie. The real one.” Claire stepped back. “I saw the note.” Ellie nodded. “He used to call you Light. You’re the only one who can expose them.” She handed Claire a flash drive. “Everything is here. But they know. You have until midnight. The lighthouse is the only safe signal zone left.” Claire took it, hand trembling. “What if they find me?” Ellie smiled grimly. “They already have.” Tires screeched outside. Lights blazed through the windows. The hunt was on. Claire bolted out the back door, drive in hand.\n\nChapter 7: The Lighthouse\nThe old lighthouse stood at the edge of the cliff, surrounded by crashing waves and wind. Claire reached it at 11:57 p.m. Her lungs burned. The flash drive felt hot in her hand. Inside, the beacon room was cold and damp. A terminal flickered to life as she plugged the drive in. Files loaded: names, operations, recordings—evidence of decades of corruption. Suddenly, footsteps echoed behind her. A man in uniform stepped in. “End of the line,” he said. “Your father was warned. Now it’s your turn.” Claire hit SEND. The files uploaded to a secure public server. Too late now. The man raised his weapon. A shot rang out—but not from him. He fell. Behind him, Ellie held the gun. “Told you I’d watch your back.” The beacon lit up, cutting through the fog. Sirens wailed in the distance. Claire had exposed the truth. The light was no longer disappearing.','ccp_9.png'),(70,2,12,'2025-06-22 19:27:42',1,'Echoes in the Ward','Chapter 1: Room 606\nNina entered St. Augustine’s Psychiatric Ward as part of her final year psychology internship. Assigned to file old patient records, she was told never to enter Room 606. Naturally, that’s where her curiosity took her. The door was sealed shut, rusted around the lock. But on the clipboard outside, she read: Patient: Evelyn Moss. Diagnosis: None. Status: Observed. The last note dated back 18 years. As she turned to leave, she heard it—three soft knocks from inside the room. Frozen, Nina stared at the door. Then again—three knocks. No one was supposed to be in there. She ran to the nurse’s station, asking about Evelyn. The head nurse went pale. “That room’s been empty for decades,” she whispered. “We don’t talk about Evelyn.” That night, in her dorm, Nina found a sticky note on her door. It read: You opened the door, now she knows your name.\n\nChapter 2: Evelyn’s Whisper\nSleep was impossible. Every time Nina closed her eyes, she heard a whisper. Faint. Repeating her name. Nina... Nina... The heater clicked on. The air turned cold. She sat up, scanning the room. Nothing. But her mirror was fogged—words written from the inside: Let me out. The next day, she confronted the head nurse. “Who was Evelyn Moss?” The nurse whispered, “She wasn’t sick. She was a key. A vessel.” That night, Nina snuck into the records room. The file had been shredded, but one photo remained. A girl with pale skin, eyes completely black. Scribbled beneath it: She’s still listening. Suddenly, all the lights went out. The air felt suffocating. From the dark corridor, a soft humming rose—a lullaby. Something moved past the records shelf. She bolted, but the door slammed shut behind her. In the silence, Evelyn whispered: It’s your turn now, Nina.\n\nChapter 3: The Black Tape\nThe janitor, a mute man named Gregor, found her trembling the next morning. “You were lucky,” the nurse said. “Most don’t make it through the night in that room.” Nina insisted she saw something—heard Evelyn. They dismissed her. Until she found the black cassette tape hidden in her locker. Labeled: “606: First Recording.” She found an old player and listened. A girl’s voice: “They keep me locked away. But I remember everything. They said I’m a danger to minds. But minds are easy to break.” The recording warped, then: “Nina, you’re just like me.” She dropped the tape. It cracked, oozing black fluid. Nina backed away. Gregor saw the mess and looked terrified. He scribbled a note: Don’t listen to the second tape. But there was no second tape… right? That night, one appeared on her pillow. Same black casing. Label: “606: Transfer Initiated.”\n\nChapter 4: Silent Screams\nNina burned the second tape. She watched it melt in the sink. The black ooze steamed and hissed. Still, that night, she had the dream. She was strapped to a hospital bed, Evelyn standing over her, eyes pure black, lips unmoving. Yet Nina heard: “Let’s switch now.” Waking in sweat, she found bruises on her wrists—like restraints had held her down. The staff noticed changes. Nina was quieter, eyes darker. She couldn’t explain it, even to herself. Her handwriting changed. Her memories blurred. Gregor cornered her in the corridor, showing an old photo: Evelyn as a teen—and someone standing beside her who looked exactly like Nina. But that was impossible. “She was waiting,” Gregor signed. “For a host. For you.” The mirrors began cracking when Nina passed. Lights flickered. She couldn’t sleep anymore. Evelyn was pushing closer. Her reflection now smiled back—when she didn’t.\n\nChapter 5: The Switch\nNina decided to end it. She returned to Room 606, crowbar in hand. She pried the door open. Inside, the room was pristine—untouched by time. A single chair, and a mirror bolted to the wall. Nothing else. She stepped in. The door closed behind her. In the mirror, Evelyn stood—not beside her, in place of her. The reflection spoke: “Now you understand. I never left. I was just waiting to be remembered.” Nina shouted, but no sound came. Her voice didn’t work. The real Nina watched as Evelyn smiled through her body—her own hands, her own eyes now moving without her. She was trapped. Inside the mirror. On the ward’s camera, staff saw Nina exit the room, calm, collected. Her eyes now pitch black. She signed the discharge papers. Evelyn walked free. And in Room 606, the mirror cracked... revealing Nina’s silent scream forever frozen inside.\n\nChapter 6: The New Patient\nTwo weeks later, a new intern arrived. The head nurse smiled politely. “You’ll be helping with storage. But one rule: stay away from Room 606.” The intern, curious, passed by the room anyway. The door was sealed—again. Clipboard blank. But as she leaned in, she heard soft humming. And three gentle knocks from inside. She shivered, walking away. In the mirror at the end of the hallway, a second reflection followed her. Behind the glass in Room 606, Nina stared. Her scream couldn’t escape. Her story couldn’t be told. But Evelyn’s could. And now, she was writing new chapters. One patient at a time.','ccp_10.png'),(71,2,30,'2025-06-22 19:34:08',4,'The Last Train South','Chapter 1: Final Departure\nMaya boarded the 10:46 p.m. southbound train from Platform 13. The station was unusually empty, despite the last-train rush. The conductor, tall and pale, barely looked at her as she passed. Her seat—Car B, Row 3—was empty. So was the entire car. As the train pulled away, the city lights vanished unnaturally fast. Fog thickened outside the windows. Maya texted her sister: \"On board. Strange vibe.\" No response. She turned to ask the conductor a question—but he was gone. Every car she passed was empty. No passengers. No crew. Just silence. Then the intercom crackled: “Next stop: Mercy Crossing.” She froze. That wasn’t a real station. She had never heard of it. Her phone died. A note fluttered from above her seat. In neat cursive: “You shouldn’t have come alone.” The lights flickered. The train picked up speed. Outside, she saw only dark woods.\n\nChapter 2: Mercy Crossing\nThe train jerked violently, throwing Maya from her seat. The lights dimmed to red emergency mode. The announcement repeated: “Approaching Mercy Crossing. Please remain seated.” Maya ran toward the nearest door, but it wouldn’t open. Outside, the forest gave way to mist-shrouded ruins. She spotted figures—motionless, lining the track. Not passengers. Not human. One turned. It had no eyes. Just a carved, gaping smile. The train screeched to a halt. Maya backed away as the figures began boarding. Their skin looked painted. They filed in silently, taking random seats. None looked at her. Then one did. It tilted its head and whispered, “This train runs on memory.” Maya’s breath caught. “What does that mean?” she asked. But the thing simply replied, “Yours is the last one.” Before she could react, the doors slammed shut. The train began moving again. The passengers all turned to face her in unison.\n\nChapter 3: Car B\nMaya locked herself in the restroom. Her heart pounded as she pressed her ear to the metal door. No sounds. No voices. Just the low hum of the train. When she emerged, all passengers were gone again. Only she remained. But the train looked different now—older, rusted, with flickering lights and peeling seats. On the wall, she saw faded graffiti: “WE NEVER GOT OFF.” She stumbled back into her seat and found a small cassette recorder on the tray. Pressing play, she heard her own voice: “If you’re listening to this… I didn’t make it off.” It continued: “You’ll see your memories before the end. Don’t believe them. Especially the girl.” Maya dropped the recorder. She didn’t remember ever saying that. She turned—and saw a child in the next row. Same eyes, same hair. The child smiled and whispered: “Let’s remember together.”\n\nChapter 4: The Memory Car\nThe child led Maya to the front of the train. Doors she couldn’t open earlier now swung freely. Inside, a movie reel flickered to life, showing Maya’s childhood. Then her sister’s funeral. Then her own accident—one she had no memory of. “You died,” the child whispered. “You just didn’t accept it.” Maya screamed. “I’m alive! I boarded this train!” The child touched her arm. Suddenly, Maya stood in her apartment, reliving her last morning—coffee, messages, rush to the train. But in the bathroom mirror that morning, her reflection hadn’t looked back. She hadn’t noticed. Now she did. The illusion shattered. Maya dropped to her knees in the train. “Why?” she asked. “Because the train helps us let go,” the child said. The passengers returned, now somber, gently watching her. The train slowed once more. Ahead: a glowing station bathed in soft light. The real last stop.\n\nChapter 5: The Conductor’s Choice\nThe conductor returned—face no longer pale, but serene. “You remembered,” he said softly. “Few do.” Maya stood, uncertain. “Where does this train go now?” He smiled. “Where it always does. Back to collect the lost.” As the doors opened at the glowing station, Maya hesitated. “Can I go back?” The child shook her head. “You already did. Every night. Until you saw the truth.” Maya stepped off. The air was warm, peaceful. Behind her, the train vanished into fog. Somewhere, in another city, someone else boarded the 10:46 southbound—alone. The cycle began again. But this time, Maya watched from the platform, no longer a passenger, but a guide. The last train south never truly ends. It only waits—for the next soul to remember.','ccp_11.png'),(72,2,31,'2025-06-22 19:38:14',3,'The Apartment Above','Chapter 1: Thumps at 3 A.M.\nEmma moved into her new apartment on the fifth floor, glad for independence. The rent was cheap, and the building was quiet—too quiet. The landlord casually said, “There’s no sixth floor, just a sealed attic.” Yet every night, at exactly 3 a.m., she heard loud thumps coming from above. Furniture scraping. Footsteps pacing. Once, even a soft cry. She asked the neighbor across the hall, an old woman named Mrs. Delarue, about it. The woman simply said, “Ignore it. Never knock back.” But one night, fed up, Emma grabbed a broom and banged on the ceiling. Silence followed—eerily calm. Then, precisely three minutes later, came three slow knocks from above. Heavy. Measured. Like a response. Her lights flickered. Then her phone rang—unknown number. When she answered, a child’s voice whispered, “Why did you wake me?” The call ended. Her ceiling cracked slightly, and dust fell.\n\nChapter 2: The Sixth Floor\nEmma couldn’t sleep. The knocking never returned—but now, the shadows in her room felt heavier. She checked the stairwell the next day and found something strange: the button for Floor 6 had been crudely pried off the elevator. Only five floors were supposed to exist. That evening, she followed a maintenance worker and asked about the top floor. He frowned. “There is no sixth floor. The building was designed with one, but it was sealed after… something happened.” He refused to say more. Back in her apartment, Emma used a broomstick to tap upward—six quick knocks. Immediately, she heard whispering from the ceiling. A chill ran down her spine. She turned to her door. Someone had slid a photo under it. A black-and-white image of a girl staring through an attic vent. On the back, in shaky writing: “She’s still there.” That night, the thumping returned.\n\nChapter 3: The Journal\nDetermined, Emma checked the building\'s archives at the public library. She found an old news clipping from 1982: “Child Found Dead in Sixth Floor Apartment—Parents Missing.” No names were listed. Back home, she returned to the storage space above her closet, where she\'d earlier noticed loose boards. Behind the wall insulation, she found a leather-bound journal. Inside were drawings—dark, frantic sketches of eyes and hands. The entries were from a girl named Lily. “They locked me in. They said the shadows would eat me. They lied. They became the shadows.” The last entry was almost illegible: “I’m not alone anymore. She whispers too.” That night, Emma dreamt of Lily—silent, pale, pointing upward. When Emma woke, her apartment door was wide open, and muddy child-sized footprints led to the ceiling vent. From inside, something breathed. Slowly. Waiting.\n\nChapter 4: The Vent\nEmma grabbed a flashlight and chair, unscrewing the ceiling vent. Dust choked her as she peeked inside. Beyond the duct was a narrow crawlspace leading toward the building’s top. Curiosity overpowering fear, she crawled in. The metal floor groaned beneath her. After ten minutes of crawling, she emerged into an attic-like space—Room 601, hidden above her apartment. Old toys, a crib, and moldy wallpaper surrounded her. In the corner sat a child’s mattress. Drawings covered the walls: “No light,” “Don’t knock,” “She walks backward.” Emma found an old mirror covered with cloth. She lifted it. Behind her, the reflection showed a girl standing—but when she turned around, no one was there. The mirror cracked. A whisper filled the room: “You saw me. Now I can follow.” Emma screamed and fled. But as she re-entered her apartment, she noticed a new drawing on her wall: her—sleeping.\n\nChapter 5: Don’t Wake Her\nEmma tried to leave the building. The elevator buttons glitched. The stairs led her back to the same floor every time. At 3 a.m., her apartment turned cold. Her reflection no longer moved in sync. She smashed the mirror—but her reflection kept staring. Desperate, she called Mrs. Delarue. The old woman sighed. “You shouldn’t have climbed. That floor was sealed for a reason.” Emma begged, “How do I stop it?” The woman whispered, “You can’t. Just don’t let her wake fully.” Emma locked every door and stayed awake all night. But exhaustion won. She fell asleep around 2:59 a.m. And then—three soft knocks. She opened her eyes. Standing at the foot of her bed was the girl—Lily. Except… her eyes were wrong. Not sad. Not scared. Hungry. She whispered, “Thanks for letting me in.” The lights went out.\n\nChapter 6: The New Tenant\nWeeks later, the apartment was listed for rent again. “Great view, very affordable,” said the agent. A young man moved in. On his first night, he asked about the attic noises. “Old pipes,” the landlord said. That night, at 3 a.m., came the thumping. He knocked the ceiling once in annoyance. Then again. Just to be funny. Then… silence. The power flickered. His phone vibrated. Unknown number: “Why did you wake me?” He laughed nervously. A faint giggle came from the vent above. When he turned off the lights, the reflection in the TV screen showed two people. He was alone. But she never was. Above him, Room 601 waited. And Lily smiled in the dark.','ccp_12.png'),(73,2,32,'2025-06-22 19:42:58',3,'The Sound of Glass','Chapter 1: Cracked\nAva worked as a night cleaner at the city museum. Quiet. Routine. Until the exhibit of antique mirrors arrived. One cracked mirror stood out—it didn’t reflect properly. Instead of her full body, it always showed her turned away. Her manager joked, “Probably cursed,” and moved on. But every night, Ava saw something move behind her reflection. A figure, dressed like her, but always five seconds late. One night, the reflection turned its head—before Ava did. She dropped her mop. The mirror cracked deeper. From that moment, strange things happened. Glasses in the café shattered when she walked by. Light bulbs burst. One night, her phone recorded a voice: “You cracked it open. Now I see too.” Her reflection no longer copied her. It watched her. Then smiled. When Ava blinked, her reflection didn’t. That’s when she stopped looking into any glass at all.\n\nChapter 2: Room of Mirrors\nThe museum’s power went out the next night. Ava was alone. The mirror exhibit glowed faintly, though unplugged. She crept closer. The cracked mirror now reflected a room—not the one she stood in. Inside the reflection, dozens of Ava’s stood in identical poses. But one in the back slowly raised its hand and waved. Ava didn’t move. Her chest tightened. Suddenly, she heard a tap-tap-tap from behind the glass. The sound of glass fingernails. Then a whisper from behind her: “Closer.” She turned, nothing there. But in the mirror, one version of her began walking forward—closer to the glass. Its eyes were missing. Instead, deep black holes. When she stepped back, the mirror vibrated. One by one, other mirrors cracked around her. A storm of reflections, all out of sync. They whispered, in unison: “The real one must break.” Ava ran. But her reflection stayed.\n\nChapter 3: Shatterpoint\nAva decided to destroy the cracked mirror. She grabbed a hammer from the maintenance shed. But when she returned, the mirror was gone. A note on the exhibit wall read: “Donated to Room 413.” But the museum only had 4 floors. Confused, Ava descended to the basement—where unused exhibit pieces were stored. Room 413 had no key, only a padlock with symbols instead of numbers. On the wall next to it: a sketch of her own face. She entered the combination instinctively. Inside: a massive mirror wall, with one cracked panel in the center. As she approached, her reflection was already there—smiling. “It’s your turn,” it whispered. Then reached through. Ava screamed as her feet locked in place. Her skin numbed. Her reflection stepped out, smoothing its new body. “Real enough,” it said. Ava’s voice echoed inside the glass, now trapped. Her eyes turned black.\n\nChapter 4: The Exhibit\nThe museum reopened the next day. “The Reflection Room” was the new attraction. Visitors walked through smiling, taking selfies. But if you stayed past closing, the reflections stayed too long. Moved when you didn’t. Smiled at things you hadn’t noticed. And sometimes, if you looked close enough, one mirror didn’t reflect the exhibit at all—it showed a girl screaming behind glass. No one heard her. Only the sound of faint tapping. The cracked mirror sat in the middle of the display. Its label read: “Don’t Look Too Long.” People thought it was a joke. But late at night, after the janitor swept the floors and silence returned, a voice would whisper behind the glass: “Your turn is coming.” And somewhere inside, Ava still watched. And waited.','ccp_13.png'),(74,1,26,'2025-06-22 19:51:40',6,'The Feather of Fire','Chapter 1: Ember\'s Secret\nEmber always burned hotter than others. Not just temper—her skin sparked flames when she felt fear. She kept gloves on, always. But after saving a falling hawk with flaming hands, she found a golden feather in her palm. It whispered, \"Ignite.\" That night, her window glowed red. Something ancient was calling her name.\n\nChapter 2: The Phoenix Mark\nThe golden feather melted into her skin, branding her wrist with fire. Ember felt no pain—only clarity. Flames obeyed her now. She hid it from her father, but the forest near town burned a perfect circle. Villagers murmured of Phoenix magic. Ember wasn’t the only one watching the flames. A hunter in a dark cloak followed.\n\nChapter 3: Trial by Flame\nThe hunter found her by the river, where steam rose from her footprints. “The Phoenix chose you,” he said. “But fire tests loyalty.” He lit a torch and handed her a map of the Dead Peaks. “Go there. Alone.” Ember accepted. At midnight, fire leapt from her hands like wings. She didn’t walk—she flew.\n\nChapter 4: Ash Spirits\nThe Dead Peaks moaned with wind. Ember\'s fire dimmed. Shadows circled—ash spirits, memories of failed Phoenix heirs. They whispered doubts, clawed her mind. Ember fell to her knees. But then she remembered the hawk, its faith. Her fire reignited—not from rage, but resolve. The spirits fled. She passed the trial. The sky welcomed her.\n\nChapter 5: Rise, Phoenix\nAt the summit, the original Phoenix circled overhead—massive, golden, eternal. “You kept compassion,” it said. “Others kept power.” It burst into flame, diving into her chest. Ember gasped. Wings of fire spread from her back. She was no longer hiding. The world would remember the Phoenix. And she, Ember, would burn away the darkness.','ccp_14.png'),(75,1,27,'2025-06-22 19:59:36',3,'The Last Leaf of Elwyn','Chapter 1: Autumn Never Ends\nIn Elwyn, autumn never ended. Leaves fell, gold and red, endlessly. The last green tree stood in silence. Sylas, a young druid, guarded it. One day, a leaf shimmered silver and dropped. Sylas caught it. It pulsed like a heartbeat. The wind spoke, “Plant me in the frostlands.” Sylas set out before the snow came.\n\nChapter 2: The Frostlands\nSnow blinded him. Wolves circled. Sylas whispered to the silver leaf, and vines burst from the ground, shielding him. He reached the heart of the Frostlands—ice fields cracked like glass. He planted the leaf. The ground trembled. A green sprout pierced through the ice. Life returned. But something beneath the frost stirred. Eyes opened.\n\nChapter 3: The Waking Cold\nA giant of ice emerged—ancient and angry. “You break my slumber with spring?” it roared. Sylas stood firm. “Elwyn dies if this doesn’t grow.” The giant raised its blade. But the sprout shimmered, transforming into a tree of stars. The cold faded. The giant wept, turned to frost, and slept once more. Peace returned.\n\nChapter 4: Elwyn Blooms Again\nBack in Elwyn, the silver leaf’s magic spread. Trees bloomed green. Autumn broke. Children danced in sun-warmed meadows. Sylas stood beneath the new Star Tree, leaves glowing in many colors. “You listened to the wind,” it whispered. “So we live.” Elwyn breathed again. And Sylas became the first Guardian of the Seasons.','ccp_15.png'),(76,1,28,'2025-06-22 20:01:38',1,'The Clockmaker’s Dragon','Chapter 1: Broken Wings\nJorah, a clockmaker’s apprentice, found a strange gear in the market—etched with scales. That night, he fit it into a broken model dragon. Sparks flew. Gears turned. The dragon blinked. “Where’s my fire?” it asked. Jorah dropped his wrench. It was alive. The gear pulsed. Somewhere, someone else felt it stir. They were not friendly.\n\nChapter 2: Gears and Flames\nThe dragon, named Crix, couldn’t breathe fire. “You must find my core,” it said. Jorah found old blueprints in the attic. A map of the Sky Foundry—now abandoned. Clockwork knights guarded its secrets. Jorah and Crix set off by steam glider. Every turn of Crix’s gears felt warmer. Time was ticking. Enemies followed.\n\nChapter 3: Sky Foundry\nThe Foundry rose above clouds, floating on iron wings. Crix trembled. “It began here.” They entered. Machines still moved, long-forgotten. In the center, a core chamber glowed. But a masked man blocked them—Ashbinder, the one who stole Crix’s heart. “You fixed him,” he sneered. “I’ll break him again.” Crix growled. Jorah tightened his grip.\n\nChapter 4: Clockwork War\nAshbinder summoned broken dragons—metal, monstrous. Crix fought, gears grinding, wings blazing. Jorah reached the heart chamber, restored the core. Light burst from Crix’s chest. Fire roared. The enemy melted. The Foundry began to collapse. Jorah jumped on Crix’s back. “Time to fly,” Crix said. They soared through smoke, leaving ruin behind. The sky applauded.\n\nChapter 5: Sparks of Tomorrow\nBack in the city, Jorah opened a new shop: “Crix & Co. – Wonders Repaired.” Kids brought broken toys, dreams, and ideas. Crix perched above the door, glowing. “Where now?” it asked. Jorah smiled. “Wherever time dares us.” Magic and metal had made peace. And in the clockmaker’s hands, the future ticked stronger.','ccp_16.png'),(77,1,29,'2025-06-22 20:03:25',4,'The Invisible Prince','Chapter 1: No One Remembers\nIn the kingdom of Veyr, one prince vanished—forgotten by all. Except himself. Prince Cael wandered unseen, unheard, a ghost in sunlight. A curse erased him from memory. His name dissolved. Only the royal dog wagged its tail when he passed. He vowed to reclaim his throne, even if no one remembered who he was.\n\nChapter 2: A Witch in Red\nCael found a witch who remembered. “I cast the curse, but not for gold,” she said. “Your kindness saved me once. But your father ordered my death.” She offered him a mirror. “Find your name. Speak it aloud under moonlight.” He left, grateful. The mirror showed shadows. And a crown, burning.\n\nChapter 3: The Three Names\nHe journeyed to three ruins: one whispered Sable, another Ryn, the last Cael. Each name twisted the mirror’s glow. Under the moon, he spoke: “Cael, son of fire, heir of ash.” Light burst from his chest. His body shimmered. Voices gasped. He was visible. Remembered. But the kingdom had changed.\n\nChapter 4: The Ash King\nThe king had died. His brother ruled now—cold and cruel. “Who are you?” the new king laughed. Cael stepped forward. The royal dog barked and bowed. A storm of fire symbols circled Cael’s head. “The forgotten prince,” Cael said. Magic roared behind him. The throne knew its true master. The ash crown returned.\n\nChapter 5: Remember My Name\nCael ruled with wisdom, always wearing a simple ring: three names engraved. “I remember the silence,” he said. “So I’ll listen to the quietest voices.” Statues rose of him across Veyr. Not of power—but of memory. And when people forgot things, they whispered to the wind. The wind always whispered back: “Cael remembers.”','ccp_17.png'),(78,1,30,'2025-06-22 20:05:57',2,'The Floating Library','Chapter 1: Books That Fly\nNila chased a book into the sky. It flapped like a bird and vanished into a cloud. A ladder descended. She climbed. Above the clouds floated a massive library—held by balloons, wind, and wonder. Librarians in robes welcomed her. “You followed knowledge,” they said. “You may read. But books here read you back.”\n\nChapter 2: Shelves of Memory\nEvery book Nila opened showed her past—pages turning with forgotten thoughts. One book wept. Another laughed. The oldest book showed a blank page. “Write here,” the librarian said. “And the library may keep you.” That night, the wind howled. A storm approached. The books flapped nervously. Something was coming to steal them.\n\nChapter 3: The Ink Thief\nA shadow ship struck the floating library—sucking ink, stealing stories. Nila grabbed a glowing quill. “Not this time.” She wrote a story so powerful it burst into light. The shadow vanished. The books cheered. The library hovered steady again. Nila earned a robe. “Write more,” they said. “Write truth.” And so she did.\n\nChapter 4: A Story Worth Flying For\nYears later, people on Earth would glimpse a shape in the sky—pages, sails, words glowing. The Floating Library still soared. And every once in a while, a falling book would land near a child dreaming under stars. A story would begin. And when it did, so would another ladder.','ccp_18.png'),(79,3,31,'2025-06-22 20:18:27',2,'The Locker Letters','Chapter 1: Note #1\nCassie found a sticky note in her locker: \"You\'re braver than yesterday.\" She looked around. No one noticed. It wasn’t signed. The next day, another appeared: \"Speak up. Someone will listen.\" Cassie hadn’t told anyone about her stage fright. Somehow, someone knew. She didn’t feel alone anymore. She started talking again—in class. And smiling.\n\nChapter 2: Rumors and Roses\nA rumor spread: Cassie liked Mr. Gray, the gym teacher. False, but embarrassing. She wanted to hide. But inside her locker: \"Roses bloom after thorns. Walk tall.\" A small rose sticker was attached. She looked at her classmates differently now. One of them was her anonymous friend. Someone kind was still watching.\n\nChapter 3: The Slip\nCassie slipped during her class speech. Laughter erupted. Her face burned. At her locker: \"Falling means you\'re moving forward.\" She smiled for the first time that day. Later, someone bumped into her—Sarah from art club. “Loved your speech,” she said. “Funny and real.” Cassie looked closer. A rose sticker peeked from Sarah’s notebook.\n\nChapter 4: Found\nCassie left her own note in Sarah’s locker: \"Thank you for every sticky word.\" The next day, Sarah waved her over. “Want to start a kindness wall?” she asked. Cassie nodded. By week’s end, the wall bloomed with notes, stickers, and smiles. No one knew who wrote which. But everyone felt seen.\n\nChapter 5: The Ripple\nCassie wrote daily now. Notes for shy kids. Lonely ones. Angry ones. The wall grew. The laughter changed. Kinder. The locker notes didn’t stop problems—but they started hope. Cassie never found out who left the first note. But every time she helped someone else stand, she thought: Maybe we all can be the first note.','ccp_19.png'),(80,3,32,'2025-06-22 20:21:45',4,'Hoodie Season','Chapter 1: The Hoodie\nJaden always wore a hoodie—black, oversized, zipped tight. He called it armor. People called it weird. New student Maya asked, “Is it that cold?” He said nothing. But she kept sitting with him at lunch. Shared her fries. Told jokes. She didn’t ask more. She waited. Jaden felt less invisible under his hoodie.\n\nChapter 2: Stained\nA drink spilled on Jaden’s hoodie. Panic. It hid everything—scars, shame, secrets. He ran to the bathroom. Maya followed. “You’re not broken,” she said quietly. “You’re just... stitched different.” He cried. Not loud. Just enough to breathe again. He returned to class with the stained hoodie. Nobody laughed. Maya smiled. He stayed.\n\nChapter 3: Brave Threads\nJaden started designing hoodies—drawing symbols on the sleeves. A quiet sun. A small phoenix. Maya wore one proudly. Then others asked too. Soon, he ran an online shop: Brave Threads. His hoodie wasn’t armor anymore. It was art. It still hid parts—but now told stories. And others wore them with pride.\n\nChapter 4: Hoodie Off\nThe day he spoke in front of the class, Jaden wore a T-shirt. First time ever. Nervous. Sweaty. But loud. “Sometimes, we hide not to disappear, but to heal.” Applause. The hoodie lay on his chair. He’d still wear it, sure. But it no longer wore him.','ccp_20.png'),(81,3,27,'2025-06-22 20:23:16',3,'The Summer Bus','Chapter 1: Route 15\nThe summer bus ran only from June to August. Lila called it her escape ride. Same seat, same driver, same boredom. Until Leo boarded. Red headphones, sketchpad, awkward smile. “Mind if I draw you?” he asked. She blinked. “Weird. Okay.” That ride didn’t feel boring. Neither did the next one.\n\nChapter 2: Corners and Questions\nLila learned Leo moved every summer. New town. New people. Always temporary. “Do you get tired of leaving?” she asked. “No,” he said. “I get tired of never being missed.” So Lila made a deal: one secret shared per stop. By week’s end, they had seventeen. And a nickname: Bus Besties.\n\nChapter 3: Rain Stop\nIt rained. Hard. The bus got delayed. Lila and Leo played truth-or-dare. She dared him to show his worst sketch. He showed a drawing of himself, face scribbled out. “It’s how I feel sometimes,” he said. She took his hand. “I see your face. It’s worth drawing.” He smiled, face uncovered.\n\nChapter 4: Summer’s End\nAugust came too fast. Leo’s family was leaving again. Lila cried on the bus. He handed her a sketchbook. “Every day of this summer,” he said. “Draw something back. Mail it.” He gave her an envelope. Then he was gone. The bus felt empty. But the sketchbook was full—of hope.\n\nChapter 5: Return Ticket\nNext summer, the bus doors opened. Lila sat alone—until Leo stepped on, taller, grinning. “Seat taken?” She shook her head, holding up her sketchbook. “Got one more page left.” He sat beside her. “Draw me again?” She laughed. “Not just you. Us.” Route 15 rolled on. Summer began again.','ccp_21.png'),(82,3,29,'2025-06-22 20:26:16',0,'The Quiet Club','Chapter 1: The Sign\nA hand-drawn flyer said: “Join The Quiet Club. No talking. Just thinking. Room 104.” Sam, tired of noisy clubs, went. Inside: beanbags, sketchpads, calming music. Only three kids. All silent. It was... peaceful. He stayed an hour. No one spoke. Still, he left feeling heard.\n\nChapter 2: Unspoken Rules\nNo phones. No noise. Just expression. Some drew. Others journaled. One kid stacked cards silently. Every week, more joined. Room 104 stayed quiet—but full. Sam painted clouds. A girl wrote haikus. A boy read comics. Nobody had to perform. Nobody had to explain. Quiet became power, not absence.\n\nChapter 3: Loud Days\nOne day, a fire drill broke their meeting. Chaos, noise, shouting. Sam panicked. Outside, the club members gathered under a tree. They didn’t speak—but handed each other pages, poems, and pictures. Silence returned. Calm followed. They rebuilt the club’s peace. Together.\n\nChapter 4: Quiet Shouts Back\nTheir school newspaper mocked them: “The Awkward Club.” Sam made a poster: “Silence is strength.” Dozens signed it. The paper printed an apology. The club grew. They got their own room—bigger, brighter. Still silent. Still strong.\n\nChapter 5: A Place to Breathe\nYears later, Sam visited Room 104 again. New students now. Still quiet. Still drawing, writing, building peace. He smiled. Left a note on the door: “Thanks for letting us be ourselves, even without words.”','ccp_22.png'),(83,3,33,'2025-06-22 20:32:38',1,'Kicks and Kindness','Chapter 1: The Shoes\nDanny wore torn sneakers. Kids teased him. Until coach handed him a surprise—brand new cleats. “Someone donated them,” he said. Danny played soccer like lightning. But he wanted to know who helped. Every game, he looked into the stands. Always saw one person cheering: quiet Liam, from science club.\n\nChapter 2: Benched\nDanny found Liam in the library. “Was it you?” Liam blushed. “You run like fire. Fire deserves shoes.” Danny laughed. “Come to practice.” Liam refused. “I’m not a player.” Danny said, “You helped me play. That counts.” They fist-bumped. Next game, Liam brought snacks. He stayed.\n\nChapter 3: Match Day\nA bully shoved Liam. “You’re not a real teammate.” Danny stepped in. “He’s realer than anyone.” Coach nodded. “True players protect more than the goal.” The team rallied around Liam. That day, they won 4–2. Not just because of kicks—but kindness.\n\nChapter 4: New Captain\nDanny was voted captain. He handed the badge to Liam. “This belongs to both of us.” Liam wore it proudly. The field felt different now—fairer. Louder. Better. Sometimes, it takes one small kindness to change the whole game.','ccp_23.png'),(84,4,33,'2025-06-22 20:40:28',2,'The Red Door','Chapter 1: 4B Is Missing\nApartment 4B had been sealed for years. Rumors said the last tenant vanished—left dinner on the table. Detective Reina got a call: “Screams. Blood.” From a child’s voice. No one had lived there in a decade. She opened the red door. The lights flickered. The apartment smelled like iron. The table still had food.\n\nChapter 2: Scratches in the Floor\nInside 4B, Reina found deep scratches across the wooden floor. From inside to the door—as if something tried to escape. The phone in the hallway rang. She answered. “He’s still hungry.” A child’s voice. Static. Silence. In the fridge: a missing person’s flyer. But the face was hers. The year said 1999.\n\nChapter 3: The Tooth in the Sink\nWater wouldn’t stop running in the bathroom. Reina turned it off. Something rolled from the drain. A tooth. Human. She backed away. The mirror fogged on its own. Then letters appeared: \"JOIN US.\" The door slammed shut. Her radio buzzed. Headquarters said, “Detective Reina? You died here twenty-five years ago. Who are we talking to?”\n\nChapter 4: The Dinner Returns\nShe ran. Every door led back to 4B. Her dinner now on the plate. Still warm. Footsteps circled her. Shadows crawled along the walls. The red door opened again—but from the inside. Laughter spilled out. Childlike. Wrong. Then—cold hands pulled her in. One whisper before the door shut again: “It was your turn.”\n\nChapter 5: Apartment for Rent\nWeeks later, the building listed 4B for rent. Cheap. “Recently renovated,” the ad said. A couple moved in. One night, they found the mirror fogged. In red: “Hi, I’m Reina.” They never moved out. But no one saw them again. The red door remained locked… until the next voice called.','ccp_24.png'),(85,4,26,'2025-06-22 20:42:22',1,'The Man with Two Shadows','Chapter 1: Two Shadows\nCCTV footage showed the killer leaving the alley—but something was off. Two shadows followed him. One moved a second slower. Detective Leo zoomed in. The second shadow waved. The killer was never caught. But each new crime scene had one fingerprint. The same one—twice. Different positions. Same blood. Impossible. Or not.\n\nChapter 2: Split Personality\nThe killer left notes in mirror writing. “One hunts. One watches.” Psychologists assumed schizophrenia. But the wounds on victims were from two angles. Different strengths. Different patterns. As if two hands worked together. At the next crime scene, Leo saw it: two shadows on the wall. Only one person in the room.\n\nChapter 3: He’s Behind You\nA survivor gasped, “He whispered from behind—but no one was there.” Police dusted the room. The prints overlapped. Forensics were stumped. Leo stood under a flickering light, thinking. Then the bulbs shattered. His own shadow split in two. One pointed. The other reached. Something cold brushed his neck. “You see us now.”\n\nChapter 4: Mirror Room\nLeo set a trap in a mirrored chamber. The killer entered. Alone. But each mirror reflected two figures. One smiled. One wept. When the lights went out, screaming echoed. When they returned—only blood remained. The mirror closest to Leo fogged. A message appeared: “Now we are three.”','ccp_25.png'),(86,4,29,'2025-06-22 20:44:48',1,'The Dollhouse Murders','Chapter 1: Miniature Crime\nDetective Alina was sent a dollhouse. Inside—tiny furniture, blood splatter, and five clay dolls. The living room doll had a knife. A family posed at the dinner table. Hours later, a real family was found murdered. Scene matched the dollhouse exactly. The killer wasn’t playing. They were rehearsing.\n\nChapter 2: Second Dollhouse\nA week later, another package. Bedroom scene. Hanging doll. Real victim was a teenager—same position, same noose. No fingerprints. No DNA. Just perfect replicas. Alina smashed the second dollhouse. That night, her phone buzzed: “You broke the scene. Now I build you.” She found a tiny clay figure on her pillow. It looked just like her.\n\nChapter 3: Victim Preview\nAlina opened her mailbox—another dollhouse. This time, a woman stabbed in the kitchen. But the real crime hadn’t happened yet. She rushed the address—too late. But the killer left something: a dollhouse photo, now showing Alina behind the killer, frozen in clay. “You’re already part of the story,” the note said.\n\nChapter 4: The Final Scene\nAlina found the real artist—an old dollmaker. “I just sculpt what I see,” he said, trembling. “They send me visions.” In his backroom: dozens of dollhouses. Only one empty. “Yours,” he whispered. That night, Alina disappeared. In the mailroom, a box waited. Inside: a new dollhouse. One small detective inside. Forever.\n\nChapter 5: Open Viewing\nThe dollhouse was put in evidence. But guards said it rearranged itself nightly. A new hand appeared in the window each day. One doll was always waving. A smile etched deeper each time. The case remained unsolved. But no officer would touch the dollhouse again.','ccp_26.png'),(87,4,30,'2025-06-22 20:46:46',0,'The Sixth Tape','Chapter 1: Tape One\nA security guard found an old VHS tape labeled “1.” Inside: footage of an empty room. At the 2-minute mark, someone appeared suddenly. Blink—and they were gone. He died that night—face frozen in terror. Then tape “2” arrived at the police station. Same room. New victim. The background shifted each time.\n\nChapter 2: Not a Game\nEach tape ended with a number. Always a scream, then silence. Detective Kim watched Tape 3 and didn’t sleep for days. She noticed: every victim looked briefly at the camera, whispering “don’t rewind.” Tape 4 showed a girl missing since 2009. She hadn’t aged. Time didn’t pass in the room. But it recorded you.\n\nChapter 3: The Shadow Shift\nTape 5 had something else: a shadow moving frame to frame. It got closer with each second. In Tape 6, no one was in the room. But Kim saw herself in the reflection—she hadn’t filmed it. Yet, she blinked on screen. The label read: “Live Feed.” The power went out.\n\nChapter 4: Static Visit\nThe screen turned to static. Something moved behind her desk. Her phone buzzed—an old ringtone. No number. Then a single message: “You’ve been seen.” She ran to the evidence room. Tape 6 had melted. But a new tape sat inside her car. It wasn’t labeled. She burned it. But the reflection kept blinking.\n\nChapter 5: Out of Frame\nHer face no longer showed in photos. Her voice echoed on recordings—but with different words. “They’re coming.” The room from the tapes began appearing in dreams. Then waking hours. The tape wasn\'t recording anymore—it was leaking. Kim vanished. The tapes? Still arriving. Numbered. Counting down. No one knows to what.\n\nChapter 6: Tape Zero\nA new detective received “Tape 0.” Blank. But behind him, a voice whispered, “Start again.” Static filled the room. A new camera blinked on. Recording.','ccp_27.png'),(88,4,34,'2025-06-22 20:49:01',0,'The Midnight Caller','Chapter 1: Wrong Number\nLena got her first call at 12:00 a.m. exactly. “Are you alone?” a deep voice asked. She hung up. Night two: same call. “I see you.” She locked the windows. Reported it. The calls continued, always at midnight. Police traced the number—it belonged to her own landline. Disconnected for years.\n\nChapter 2: Footprints\nRain poured. Lena heard someone outside. Muddy prints led to her door—but no prints led away. The next call said, “You let me in.” She checked her security cams. At midnight, the door opened slightly. Alone. The call rang again. But now her voice answered: “He’s inside now.”\n\nChapter 3: The Basement\nLena followed strange noises to the basement. The old rotary phone rang. She lifted it. “I remember you,” said the voice. “You watched me die. You did nothing.” A case from her past. Years ago, she ignored a call for help. The victim—same voice. “Now you answer,” it growled.\n\nChapter 4: Midnight Comes\nAt 12:00 a.m., Lena disappeared. Her phone played back all her missed calls. Screams. Pleas. Regret. The police found no trace—only an unplugged phone off the hook. It rang again. Another number answered. “Are you alone?” The cycle continued.','ccp_28.png'),(89,4,24,'2025-06-28 18:23:21',2,'Red Stains','Chapter 1: The Letter\nDetective Morrow received an unsigned letter:\n\"I buried her under your floor.\"\nHis heart stopped. His wife vanished three years ago. He laughed it off—until blood seeped from the cracks near his study. The smell returned. He remembered the fight. But he’d never told anyone. The killer knew everything.\n\nChapter 2: The Eyes\nIn the morgue, every victim had eyes removed—cleanly sliced. Six bodies, one pattern. Morrow stared at the seventh—her eyes were stitched open. The coroner whispered, “They’re glass.” Inside one eye, a camera lens blinked. Someone had been watching him from the start. His reflection now smiled without moving.\n\nChapter 3: The Locked Room\nCrime scene—a locked room drenched in blood, body missing. The walls were covered in names—every unsolved case Morrow touched. At the end: “Detective Morrow – FINAL ENTRY”. The victim’s voice crackled on a recorder: “He\'s here.” A shadow passed behind Morrow. The door slammed shut. Locked from the outside.\n\nChapter 4: Red Typewriter\nA typewriter appeared in his living room, still warm. Typed words:\n\"She begged you. You watched.\"\nHe ripped the page. New line appeared:\n\"Do you remember the hotel?\"\nHe did. The Jane Doe murder. Case unsolved. He’d ignored her screams. The typewriter began typing again, keys moving on their own.\n\nChapter 5: Buried Badges\nHe dug in the forest where the bodies were supposedly buried. No graves—just police badges nailed to trees. His badge was the last. Something moved between the trees, whispering names. He turned to leave. A hand grabbed his leg from below. Fingernails broken. Face familiar. One of his victims.\n\nChapter 6: The Mask\nA figure wearing a stitched-together face mask arrived at his doorstep. “Do you believe me now?” it rasped. Morrow shot it. The mask fell—beneath, his own face stared back. In its pocket: a photo of him strangling someone. Blurry. Bloody. Timestamped. The evidence he buried had come home.\n\nChapter 7: The Confession\nMorrow turned himself in. He confessed everything—the murders, the cover-ups, the voices. But there was no record, no victims, no files. They said he’d never been a detective. Just a patient. He screamed, “Check under the floor!”\nThey did.\nNothing.\nExcept a typewriter, still warm, whispering:\n\"Start again.\"','ccp_29.png'),(90,4,35,'2025-06-28 18:25:44',3,'The Collector’s Code','Chapter 1: Missing Cases\nEvery case Detective Lyle solved was suddenly wiped from the database. Photos gone. Victims vanished. When he checked the physical files, each had a red fingerprint on the last page—his own. But he never touched them. The fingerprint ink was still wet.\n\nChapter 2: Numbered Teeth\nA victim was found with numbered teeth etched in gold. “2 of 12” written in blood. Autopsy revealed the teeth were not hers. Lyle’s phone buzzed—a text: “Next drop tonight. Count carefully.” The killer was creating a set. A complete collection.\n\nChapter 3: The Wrong House\nThey raided a suspect’s home—empty. But a room had 11 mirrors, and one showed Lyle’s childhood bedroom. He hadn’t told anyone about it. From inside the mirror, a voice whispered: “You\'re the twelfth.” Something behind the glass moved closer. His reflection didn’t follow him anymore.\n\nChapter 4: Shattered Hours\nCCTV from the crime scene showed Lyle... walking in. At 3:07 AM. Same clothes, same limp. He’d been asleep at home. He blinked. A shard of mirror lay on his nightstand, stained with blood. Someone—or something—was imitating him.\n\nChapter 5: Unmarked Graves\nHe returned to old sites, hoping for answers. In the woods, he found twelve shallow graves—eleven dug, one freshly filled. A photo fluttered nearby: him standing over a body, smiling. It was dated tomorrow.\n\nChapter 6: Face in the Crowd\nAt a press conference, Lyle saw himself in the crowd. Again. When he ran after him, everyone stared, frozen. All faces turned at once. Same face—his. The collector wasn’t hunting bodies. He was collecting identities.\n\nChapter 7: Silence in Twelve\nRoom 12. Hotel Graven. One key. Lyle entered. Inside: mirrors, a bloody typewriter, and his badge nailed to the wall. Twelve reflections grinned at him. One whispered, “You’re the last.”\nThe door shut.\nThe typewriter began.\nChapter 1: The Collector’s New Mask.','ccp_30.png'),(91,4,31,'2025-06-28 18:53:49',1,'Voices in Cell 9','Chapter 1: The Screamer\nPrisoners said Cell 9 screamed at night. But it was empty. Guard Thomsen laughed—until he heard a girl cry from inside. When he opened it, silence. Then a whisper behind him: “Thanks for letting me out.”\n\nChapter 2: The Girl in the Uniform\nA new inmate arrived, silent, in a guard’s uniform. She didn’t speak, eat, or blink. When Thomsen asked her name, she finally whispered, “You put me here.” But she’d never been booked.\n\nChapter 3: CCTV\nFootage showed her entering Cell 9—then disappearing mid-step. Another tape showed her walking backward out of the morgue. Her face glitched in every frame. No one could remember her name. Yet she appeared in everyone’s dreams.\n\nChapter 4: Marked by Nine\nThomsen found a “9” carved into his palm. Deep. Bleeding. He hadn’t noticed. More guards showed the same mark. One hanged himself, mumbling, “She never left.” They opened the morgue. The girl\'s drawer was empty.\n\nChapter 5: Unsent Letters\nThomsen found letters in his locker addressed to “Eliza.” They were from him—but he’d never written them. One letter read: “I saw what they did. I did nothing. Forgive me.” The last one had only blood prints.\n\nChapter 6: The Blackout\nThe prison went dark for 9 minutes. Screams echoed. When lights returned, nine guards were gone. The security feed was replaced by a single image: Cell 9 open. Inside: Eliza’s eyes, watching.\n\nChapter 7: Final Confession\nThomsen confessed. He’d helped cover her death—a wrongly accused girl tortured by mistake. He waited in Cell 9. At 9:09 PM, the door locked.\nEliza sat beside him.\nSmiling.\nForgiving.\nThen the cell screamed—and fell silent forever.','ccp_31.png'),(92,3,24,'2025-06-28 19:40:56',1,'The Midnight Club','Chapter 1: The Whisper\nEvery night at 12:00, a strange whisper echoed in the old school library. Lily, curious and brave, decided to stay after school to hear it for herself. She waited, heart pounding. A breeze swept through, pages rustled, and then—someone whispered her name. She wasn’t alone.\n\nChapter 2: Secret Door\nLily discovered a hidden door behind the bookshelf. She gathered her three best friends—Ray, Zara, and Ben. Together, they pushed it open. It led into a dusty tunnel. Who built this? Why? They promised to explore it every midnight and formed the “Midnight Club.”\n\nChapter 3: The Tunnel Map\nInside the tunnel, they found an old map with red markings and strange symbols. “This looks like our school... but older,” Zara whispered. They followed it to a forgotten stairwell leading under the gym. Something was down there—and it didn’t want visitors.\n\nChapter 4: Shadows Move\nThe lights flickered. Shadows moved on their own. Ben dropped his flashlight. “We should go!” he said. But Lily spotted a message: \"Find the Bell Tower.\" They weren’t just exploring anymore—they were solving a mystery. The school held a forgotten history, and it wanted to be found.\n\nChapter 5: Hidden Truths\nIn the Bell Tower, they discovered a journal from 1902. A student named Evelyn had uncovered corruption and tried to stop it—but vanished. Her ghost, still whispering, wanted justice. “She’s leading us,” Lily said. “We have to finish what she started.”\n\nChapter 6: The Final Bell\nThe club revealed the truth: Evelyn’s teacher was stealing school funds. They presented evidence to the principal. The whispering stopped. The door closed. Evelyn was at peace. The Midnight Club made a promise—to always stand for truth, even in silence. Their secret adventure was just the beginning.','ccp_32.png'),(93,3,26,'2025-06-28 19:43:01',4,'Code Green','Chapter 1: The Smell\nIt started with a bad smell. Something was wrong near the school pond. Ali noticed fish floating and plants dying. No one seemed to care. He told his best friend Mira, who agreed—Code Green, their old environment club, needed to rise again.\n\nChapter 2: Operation Clean-Up\nAli, Mira, and a few friends met in secret. Posters were made. Trash bags gathered. They called it Operation Clean-Up. Slowly, students joined. “We can make a change,” Mira said. But when they found oily water in the nearby ditch, they knew something bigger was wrong.\n\nChapter 3: The Factory Leak\nTheir science teacher helped test the water. “This isn’t normal,” she said. “It’s chemical waste.” Ali realized the nearby dye factory was leaking into the pond. But exposing them would take evidence—and courage. Code Green prepared for the hardest mission yet.\n\nChapter 4: Caught\nSneaking to the factory fence at night, Ali snapped photos. Suddenly, a flashlight beam caught him. A guard yelled. They ran. Later, shaken but safe, they reviewed the blurry photos. It was proof—but not enough. They needed an inside voice.\n\nChapter 5: The Insider\nSurprisingly, Mira’s cousin worked at the factory. After hearing the truth, he shared a shocking report. The leak had been hidden for years. With the file and photos, Code Green went to the press. Their voices were small—but growing louder.\n\nChapter 6: A New Dawn\nThe factory was fined, and cleanup began. The pond slowly healed. Code Green was no longer just a club—it was a movement. The school garden grew vegetables, rainwater was reused, and students cared again. Ali smiled. “We didn’t just save the pond. We started something.”','ccp_33.png'),(94,3,34,'2025-06-28 19:44:28',2,'Level Up, Life!','Chapter 1: Game Over\nJay lost his favorite online tournament. “You’ll never be good enough,” a teammate mocked. That night, he stared at the leaderboard. He loved gaming, but lately, real life felt like a losing game too—bad grades, no friends, and constant pressure.\n\nChapter 2: The Mentor\nMr. Rhodes, the school counselor, noticed Jay’s struggles. “Games are great,” he said. “But don’t forget to level up your real life.” He introduced Jay to a coding club. Jay hesitated. But the idea of building a game, not just playing one, excited him.\n\nChapter 3: Coding XP\nCoding was tough. Jay failed his first challenge. But unlike gaming, every failure taught something real. With help from a teammate named Saira, he created a small puzzle game. He even added a version of himself—a pixelated hero who never gave up.\n\nChapter 4: Saira’s Quest\nSaira shared her story—she once feared speaking in class, but code gave her confidence. Jay opened up too. He missed his dad, and gaming was his escape. “Let’s make something epic,” she said. “A game about healing, choices, and friendship.”\n\nChapter 5: Real-Life Boss Battle\nTheir game was selected for the school tech fair. But minutes before presenting, Jay panicked. “What if they hate it?” Saira smiled. “Then we fix it. Like always.” Together, they stood tall. Their game wasn\'t perfect—but it made people feel something.\n\nChapter 6: Level Unlocked\nJay’s game got second place—but he won something bigger: confidence, purpose, and a friend. He still gamed at night, but now he also dreamed of building worlds. Real life had its bugs, sure—but it was the only game worth mastering.','ccp_34.png'),(95,2,34,'2025-06-28 19:45:53',3,'The Vanishing Key','Chapter 1: The Locked Drawer\nNina found an old brass key in her locker, wrapped in a torn paper: “Don’t tell anyone.” She hadn’t seen this before. It didn’t fit any lock—until she tried the old janitor’s desk. The drawer opened. Inside was a photo of the principal… and a bloody glove.\n\nChapter 2: The Code Wall\nNina showed the photo to her friend Alex. Together, they found numbers scratched behind the drawer. A classroom? A locker combo? They checked Room 17—abandoned since last year’s “accident.” Someone had written: “Find the girl before he does.” What girl? Who was he?\n\nChapter 3: The Fake Fire\nThat night, the fire alarm went off. But there was no fire. Amid the confusion, Nina saw someone in a hoodie sneaking into Room 17. She followed, heart pounding. No one was there. But the blackboard now read: “Too late.”\n\nChapter 4: Missing Files\nThey broke into the school records. One file was missing—Rachel Hayes, a student who vanished last year. Her locker was sealed. The key… it clicked. Inside, they found a diary: “He knows I saw what he did. If I disappear—look in Room 22.” But Room 22 didn’t exist.\n\nChapter 5: Below the Stage\nRoom 22 was real—but hidden under the school auditorium stage. They crawled through darkness and dust. At the end of the tunnel was a wooden door. Screaming echoed behind it. “We have to open it,” Nina said. But someone was already waiting.\n\nChapter 6: The Real Villain\nThe man behind it all? Mr. Voss, the janitor. Rachel was alive—locked away for knowing his secret. He’d covered up an old murder. They rescued her, called the cops. Nina still has the key, now evidence. Some doors should stay closed—but she was glad this one opened.','ccp_35.png'),(96,2,26,'2025-06-28 19:47:49',2,'Echo in the Fog','Chapter 1: Wake Up\nRian woke up in the forest. Fog everywhere. No memory. His phone was cracked. The only message: “They’re watching.” He limped through the woods and reached a cabin. Inside—photos of him with red Xs over his face. And footsteps outside.\n\nChapter 2: Stranger’s Cabin\nThe door burst open. A girl entered—Ella. “You escaped?” she asked. “They erased your memory.” She had a notebook labeled Project Echo. Rian had no idea who he was. But the people hunting him… were still close. “Run,” she whispered.\n\nChapter 3: The Watchers\nFrom a hill, they saw men in black dragging someone through the trees. “Why are they after me?” Rian asked. Ella showed him the truth: He used to work for them. Until he found something. A video file… now hidden. “We need it,” she said.\n\nChapter 4: Memory Leak\nInside an old train station, they found a flash drive in a locker. Rian plugged it into a laptop. The footage showed: experiments on teens, memory tests, surveillance. And his face—leading it. “I did this?” he whispered. But then—BANG. The power went out.\n\nChapter 5: Trapdoor Escape\nArmed men surrounded them. Rian remembered: he created a trapdoor beneath the station floor. They dove in, barely escaping. “I was the villain,” he said. “You became the hero,” Ella replied. “Now let’s shut it down.”\n\nChapter 6: Full Recall\nThey leaked the files. The project was exposed. Teens were rescued. Rian’s memory slowly returned—but he didn’t want the old him back. The fog lifted. He wasn’t the same—but maybe that was the point. He finally remembered who he wanted to be.','ccp_36.png'),(97,1,31,'2025-06-28 19:49:50',2,'The Ember Stone','Chapter 1: The Glow in the Wall\nMira touched the old castle wall. It pulsed. A glowing ember appeared in her palm. “The Ember Stone,” whispered the librarian. “It chooses only one in a century.” That night, Mira’s dreams burned—dragons, war, and a voice: “Awaken the flame.”\n\nChapter 2: Forbidden Library\nShe followed the glow to a secret passage in the school’s basement. A dusty library with floating books. The Ember led her to a page: “Only fire can unseal the shadow door.” Mira didn’t know magic—but something inside her wanted to try.\n\nChapter 3: Fire in Her Hands\nMira focused, remembering the voice. Her fingers lit up with sparks. A hidden door opened behind the shelves. Inside—armor, maps, and a scroll with her name. “I’m in a prophecy,” she whispered. And a shadow in the mirror replied: “Yes.”\n\nChapter 4: Guardian of Ash\nFrom the ashes rose a beast—a fire fox named Ash, sworn to protect the Ember wielder. Mira touched his fur. “You must awaken the Fire Court,” Ash said. “Before the Shadows rise.” But time was running out. The mirror glowed again—showing her kingdom in flames.\n\nChapter 5: The Broken Crown\nMira reached the Fire Court, a palace buried beneath a volcano. Its rulers were turned to stone. Only the Ember could revive them. But the Shadow Queen appeared. “Give me the stone,” she hissed. Mira stood firm. “I’d rather burn.”\n\nChapter 6: Flamekeeper\nWith Ash by her side, Mira unleashed the Ember’s full light. Shadows screamed, vanishing. The Fire Court awakened, the crown restored. Mira was named Flamekeeper—the youngest in history. The ember still glows in her hand. Her journey was just beginning.','ccp_37.png'),(98,1,35,'2025-06-28 19:52:03',2,'The Whispering Woods','Chapter 1: The Tree That Spoke\nArlo wandered into the woods near his village. A tree whispered, “Help us.” He froze. Trees don’t talk… do they? The wind formed words: “The heart is dying.” Arlo didn’t understand. But he followed the sound—and vanished into the leaves.\n\nChapter 2: The Green Realm\nHe awoke in a glowing forest. Animals spoke. Flowers blinked. “You entered the Verdant Veil,” said a squirrel. “Our queen sleeps. The Heart Tree is fading.” Arlo wasn’t a hero—but he was the only human here. “What do I do?” he asked. “Listen.”\n\nChapter 3: Trials of Vine\nThe forest tested him—chasing storms, puzzles in petals, riddles from river frogs. Arlo passed each with care, not power. At last, the tree spirits gave him a seed. “Plant it in the Heart’s hollow.” But dark vines had already reached it.\n\nChapter 4: The Thorn King\nA shadow formed—half-man, half-thorn. “This world belongs to decay,” he growled. Arlo held the seed. “Life still fights,” he said. He ran, dodging the vines, and threw the seed into the Heart’s core. The Thorn King roared. Then… silence.\n\nChapter 5: Life Returns\nThe Heart Tree bloomed. Light poured through the canopy. Flowers returned. Spirits danced. The queen of the woods awakened. “You brought balance,” she said. “How?” Arlo asked. “You listened.” She smiled. “Few ever do.”\n\nChapter 6: Whispered Goodbye\nThe forest faded. Arlo opened his eyes—back home. A vine curled around his wrist, glowing faintly. In the wind, the trees whispered again. He smiled. “I hear you.” And now, he always would.','ccp_38.png'),(99,1,32,'2025-06-28 19:53:34',0,'Moonbound','Chapter 1: Marked by Light\nOn her 13th birthday, Lyra found a crescent glowing on her palm. That night, the moon called her by name. “You are Moonbound,” it whispered. Her village feared sky-magic. But Lyra felt it inside—stronger than fear. She looked up. “I’m ready.”\n\nChapter 2: The Star Map\nA stranger arrived—Caden, Starborn. He showed her a map that moved like constellations. “Each Moonbound must awaken their star,” he said. “Or darkness spreads.” Lyra followed him across floating islands and silent deserts, each night’s moon leading their way.\n\nChapter 3: Eclipse Trial\nTo awaken her star, she entered the Moon Mirror. Inside was herself—shadowed and angry. “You’re weak,” it said. Lyra stood tall. “But I’m real.” The mirror shattered. Her star ignited. Powers bloomed. Light wings. Star-blades. A true Moonbound.\n\nChapter 4: Darkfall Rises\nThe sky cracked. Creatures fell from the stars—Darkfall. “They hunt light,” Caden warned. “They fear you.” Lyra faced them with courage, holding the moonlight in her hands. “Then let them run.” She shined brighter.\n\nChapter 5: The Broken Moon\nThe moon itself dimmed. “They’re stealing it,” Caden said. Lyra flew to its surface, battling the last shadow king. He nearly broke her. But her star flared. She poured her light into the moon’s core. “Be whole again.”\n\nChapter 6: Sky Guardian\nThe sky healed. The stars sang. Lyra was crowned Sky Guardian—the youngest ever. She looked down at Earth and whispered, “Shine for them.” And the moon did. Every night. Just like her.','ccp_39.png'),(100,1,24,'2025-07-13 09:09:18',2,'The Emberleaf Prophecy','Chapter 1: Whispering Leaves\nIn Eldara’s ancient grove, the leaves never simply rustled—they whispered names. Lira, a curious orphan, wandered too close and heard her name echo from the wind-carved trunk of the Emberleaf Tree. The villagers feared the whispers, claiming they foretold impossible destinies. But Lira didn’t run. Her heart thumped in harmony with the leaves. She listened—and accepted.\n\nChapter 2: The Hidden Flame\nFollowing the whisper’s rhythm, Lira dug beneath the roots. There, buried in cool earth, flickered a small ember. It danced like it knew her. She cupped it in her hands—no heat, no burn. The ember whispered back, showing her flashes of the past and possible futures. Her eyes glowed briefly, the moment her fate ignited with magic.\n\nChapter 3: Trial of Shadows\nThat night, shadows crept into her room. Silent, dark, formless beings. The ember warned her, and she stood ready. These trials were illusions, testing her resolve. Each fear she faced twisted into forms of people she loved. But Lira whispered truth back to them. Her courage cracked their spell. At dawn, she emerged stronger, no longer afraid.\n\nChapter 4: Wings of the Wind\nTo reach the Crystal Mountains, she needed to fly. But no mortal had crossed the Zephorian cliffs. The ember summoned a storm hawk. Lira leaped from the cliff’s edge, landing on its back. Wind sang in her ears. The hawk carried her through air and thunder, where sky spirits whispered riddles she answered without fear.\n\nChapter 5: The Crystal Pact\nIn a cavern of mirrors, the Emberleaf flame pulsed. Each reflection showed a version of Lira—coward, hero, traitor, savior. She chose none. Instead, she merged with the light within. The elemental spirits appeared: earth, fire, wind, and water. She knelt. “I seek to heal, not rule.” The pact formed. The crystal on her palm gleamed.\n\nChapter 6: Prophecy Fulfilled\nReturning to Eldara, the villagers gathered in silence. The Emberleaf Tree blazed with golden fire, not destruction but rebirth. Flowers bloomed from scorched bark. “You have restored balance,” the tree whispered. Lira touched the roots. A new guardian had risen. The whispers quieted, for the prophecy had been fulfilled—and peace returned to Eldara once more.','ccp_40.png'),(101,1,26,'2025-07-13 09:11:06',3,'Crown of the Deep','Chapter 1: The Calling\nKael had never seen the ocean, but his dreams were full of waves and drowning. One night, water crept into his room—not from the sea, but from magic. Gills opened on his neck, and a glowing map formed on his wall. It pulsed like a heartbeat. Drawn by instinct, Kael followed it to the cliffs. He jumped, not falling but diving into his fate. The sea accepted him, and he swam deeper than ever thought possible, chasing the echo of his name whispered through currents. A new world awaited beneath the surface, ancient and mysterious.\n\nChapter 2: Coral Labyrinth\nThe map led Kael through forests of glowing coral and tunnels made of pearl. Murmuring fish with human eyes swam in rings, guarding silent ruins. The deeper he went, the more the sea revealed its secrets. He found symbols carved into sunken stone, echoing the shapes on his hands. Kael realized he wasn’t just exploring—he was remembering. At the center of the labyrinth, he faced a choice: open a gate sealed for centuries, or swim away forever. His hands moved on their own, unlocking the gate. A throne room lay beyond, lost to time, guarded by silence and bone.\n\nChapter 3: Leviathan’s Gift\nThe gate released more than water—it awakened the Leviathan. A monstrous creature coiled from the depths, its scales dark as sorrow. But it didn’t attack. It watched Kael with ancient eyes. Instead of fighting, Kael knelt. The Leviathan sensed his spirit and wrapped him in spiraling tendrils of memory. In return, it placed a crown on his head—woven from star coral, bone, and light. Kael could breathe without gills now, speak without sound, and hear the ocean’s true voice. The Leviathan vanished into the dark, leaving Kael empowered, changed, and ready for the tide-shaping destiny that awaited him.\n\nChapter 4: Song of Salt\nKael returned to the sunlit reefs and found them under siege. Storms ravaged the outer waters, and ships sank under blackened skies. Using his crown’s gift, he sang—not with his mouth, but from his soul. The song turned saltwater sweet and guided lost sailors home. It calmed tempests and silenced whirlpools. He became a legend, the sea’s soft hymn bringing peace. The merfolk and fishermen alike named him “The Tide Voice.” But Kael sensed a greater storm on the horizon, darker than any cloud, stirring far below the ocean floor. He had calmed the sea, but war was coming.\n\nChapter 5: Sunken War\nAbyssal witches rose from trenches, angry at the crown’s return. They summoned seaquakes and ink-dark beasts to reclaim power. Kael rallied merfolk, kelp knights, and sea dragons. The battle cracked coral towers and lit up the ocean with magic. He fought with compassion, sparing enemies who surrendered. In the end, he sealed the witches in a vortex of starlight, binding them in chains of song. The sea wept, then rejoiced. Silence fell like peace after thunder. Kael’s crown glowed with quiet pride. The depths were safe—but changed forever. The ocean, once passive, had chosen its champion. Its king.\n\nChapter 6: Rise of the Tide King\nThe Leviathan returned one final time, circling Kael in blessing. “You have earned the name,” it whispered. Kael was crowned in an ancient ceremony, surrounded by fish, spirits, and old gods of the deep. The ocean bent to him—not in fear, but in trust. He ruled not with force, but with love. Songs replaced storms. Lost ships were never lost again. And every full moon, Kael would sit on the reef’s edge, whispering to the waves, remembering the boy who jumped from cliffs into legend. The Tide King, born of prophecy, now guided the sea with steady hands.','ccp_41.png'),(102,1,9,'2025-07-13 09:13:46',2,'Mirrorthorn','Chapter 1: Reflected Eyes\nAria’s mirror blinked. Not her reflection—something else. It leaned forward, smirked, then whispered, “You don’t belong here.” Her room went cold. The reflection pressed its palm to the glass, and hers moved on its own. A pull tugged her inward. With a flash, she fell through the mirror. When she opened her eyes, she was in a world of silver light, thorny vines, and shadows that mimicked movement. She wasn’t just seeing her reflection anymore—she was walking inside it. And now, the mirrored version of her had taken her place in the real world.\n\nChapter 2: Silver Forest\nThe mirrored world was twisted. Trees were metallic, leaves shimmered like blades, and time moved oddly—faster in footsteps, slower in thoughts. Aria wandered through a silver forest where sound echoed long after it ended. Every time she called for help, her voice returned older, broken, strange. Creatures of glass slithered beneath roots, whispering secrets she didn’t understand. Eventually, she found a cracked mirror embedded in an ancient tree. Inside it, her real-world self laughed cruelly. “Your life fits better on me,” it mocked. Aria knew this place wasn’t just magic—it was hunger, and it wanted her to stay.\n\nChapter 3: The Glass Beast\nThe sky fractured as a creature made of shattered glass emerged. It moved like a memory breaking—jagged, fast, and filled with regret. The beast chased Aria through forests that reshaped behind her, always cutting off escape. But Aria noticed it didn’t bleed—it reflected. So she tricked it. She found a calm pool, faced her fear, and stood still. The beast lunged—only to collide with its own reflection. It shattered with a scream, shards raining like silver snow. Aria collected a piece. It pulsed with warmth. In that fragment, she saw herself—not broken, but bold. Her journey had just begun.\n\nChapter 4: Memory Pool\nShe arrived at the Pool of Remembering, where water mirrored your truth. When she looked in, she saw fragments—her mother’s lullabies, her first heartbreak, her last smile before entering this realm. Each memory hovered like stars above the pool. Then came ones she didn’t recognize: her birth in this mirrored world, her parents—two versions, one light, one shadow. Aria realized she wasn’t just stolen—she was born of both realms. Half human, half mirrorborn. Accepting this truth lit her heart. She drank from the pool, and her vision cleared. For the first time, she knew who she really was.\n\nChapter 5: Shatterheart\nTo escape the mirrored prison, Aria had to destroy the Heart Mirror—the source of all reflection-based life. But doing so would erase her mirrored half. Still, she couldn’t let the false Aria steal her world. In the Mirror Hall, surrounded by infinite versions of herself, she chose unity over rejection. She embraced her duality, shattering the Heart Mirror not in rage—but in understanding. Light exploded. Her mirrored self cried out, then softened. They fused—not lost, but whole. Aria stepped forward with both sides within her. She wasn’t just a girl. She was a bridge between reflections and reality.\n\nChapter 6: Keeper of Realms\nNow free, Aria returned to her world. People stared, sensing something changed. The old mirror in her room now held no reflection—only depth. She had become the Keeper, guardian of the fragile veil between realities. Whenever a mirror trembled or someone saw something strange in glass, it was her watching, protecting. She kept balance between truth and illusion. Sometimes, she visited the mirrored forest in dreams, where creatures still whispered. But she never feared them again. For now, Aria walked both worlds, reflection and flesh in harmony. And no one would ever steal her place again.','ccp_42.png'),(103,1,27,'2025-07-13 09:16:16',1,'The Skyborn Alchemist','Chapter 1: Ash in the Wind\nOrin lived in a crumbling tower, where inventions sparked but always failed. His neighbors mocked him, calling him “the Tin Fool.” One day, ash fell from the sky—not from fire, but from clouds. The ash shimmered, singing as it drifted. Orin bottled some, curious. That night, he dreamed of flying cities and voices whispering forgotten names. When he awoke, a gear on his table spun on its own. He knew then: the ash wasn’t ash. It was a calling card, a message from the sky. Something above wanted him to build again—but this time, it would work.\n\nChapter 2: Skyroot Elixir\nOrin experimented with the ash, mixing it with roots from the sky-growing tree in his courtyard. The liquid glowed, fizzing gently. Hesitant, he drank it. His body lifted, light as steam. His boots rose from the floor, and he hovered, eyes wide. He could feel currents of air like threads he could pull. The world below shrank. With a laugh and a shout, he soared into the clouds. Through storms and rays, he flew higher than birds. Above the tallest peaks, he saw floating islands made of crystal and copper—ancient, impossible cities forgotten by the world below.\n\nChapter 3: Cloudforge\nLanding on one of the sky isles, Orin discovered Cloudforge, a city powered by thunder and willpower. Machines floated effortlessly, fueled by stormstone cores. He found books written in wind, blueprints carved into lightning. Skyborn alchemists greeted him cautiously. “You carry the ash of recall,” said their leader, an elder with a voice like thunder. Orin learned their craft—alchemy that shaped clouds, bottled lightning, and forged wings from wind. He crafted boots that responded to thought, gloves that bent the air. For the first time, Orin belonged. He wasn’t a fool anymore. He was an alchemist of the skies.\n\nChapter 4: Airborne Duel\nBut not all Skyborn welcomed him. A rogue alchemist, Veera, saw his presence as a threat. “The sky isn’t for outsiders,” she hissed. She summoned a storm hawk made of blades. Orin dodged midair, using his gloves to shift wind. He summoned a cloud net, but it failed. Then he remembered: lightning is memory. He shaped a bolt from regret—his failures, his loneliness—and hurled it. It struck Veera’s hawk, dissolving it. She fell—but Orin caught her. “Even storms can change course,” he said. She stared at him, stunned. Respect earned, not by power—but by mercy.\n\nChapter 5: Broken Wings\nWhile experimenting, Orin pushed his wings too far. They cracked midflight, sending him tumbling through storms. Lightning slashed past as he fell toward the mountains. In those moments, he thought of every failure. But his mind didn’t surrender—it worked faster. He used his gloves to condense air into a soft pocket, breaking his fall. Bones bruised, pride shaken, he rebuilt. This time, he wove skyroot into the frame and sealed the joints with ash. The wings were stronger, quieter. He didn’t fly just for glory anymore. He flew because he was meant to rise, fall, and rise again.\n\nChapter 6: The Ascendant\nThe Skyborn gathered beneath an eclipse. A vote was cast—not by popularity, but by invention. Orin’s name echoed through the clouds. The elder stepped forward and handed him the title: Ascendant. He bowed, not as a king, but a learner. Now, Orin teaches others—earthborn and skyborn alike. The floating cities no longer hide. He shaped bridges of wind between worlds. In every village below, ash sometimes falls from the sky, gentle and glowing. It’s a whisper of hope, a call to build, to dream. Somewhere above, Orin flies still—an alchemist who turned failure into flight, and clouds into home.','ccp_43.png'),(104,1,4,'2025-07-13 09:18:12',0,'Thornspell','Chapter 1: The Cursed Garden\nElenore stepped into the garden only once—but that was enough. Roses taller than towers bloomed in silence. Each petal shimmered like velvet, but their thorns bled ink, not sap. She plucked one. A sting—then silence. Her memories faded instantly: her name, her past, her purpose. All gone. The garden whispered, promising beauty in return for memory. But something deeper inside her screamed to fight it. Elenore dropped the rose, knelt among the vines, and whispered her name aloud. The garden trembled. Somewhere in its roots, it remembered her too. The curse had a weakness—and she had just awakened it.\n\nChapter 2: Thorns of Time\nThe garden warped with every step she took. One direction led to childhood, another to forgotten years. Each thorn she touched gave back fragments: laughter by a lakeside, a mother’s voice, the cold grip of betrayal. But nothing stayed. To reclaim herself, she needed the Rose of Time—hidden in the garden’s heart. Creatures made of vine and sorrow blocked her way, but they hesitated. “You’re not like the others,” they hissed. She pressed forward, forging a path through living memories. At the garden’s core, she found a gate of silver brambles. Beyond it, time stood still—waiting to be unbound.\n\nChapter 3: Bloom of Truth\nInside the silver brambles, a single flower floated—neither dead nor alive. The Rose of Time. Elenore reached out, but the rose pulled her mind into its petals. She relived everything—her first love, her deepest shame, and the secret she had buried even from herself. She had chosen to enter the garden once before... to forget. The rose showed her why: to protect a secret so powerful, even she couldn’t hold it. But now, she remembered. With tears falling, she plucked the bloom. The garden howled as the truth broke free. Elenore no longer feared it. She embraced it.\n\nChapter 4: The Forgotten Prince\nAt the garden’s center lay a figure entangled in roots—eyes shut, heart still. The prince, long forgotten by the world. He had traded his memories for hers, centuries ago, to save her life. Elenore knelt, pressing the Rose of Time to his chest. The petals sank into him. His eyes fluttered open, golden and ancient. “You came back,” he said. She remembered him now—every secret smile, every silent promise. The garden hissed in fury. Together, they stood, hand in hand, facing the thorns that rose like waves. “Let it come,” Elenore whispered. “We’ve lived enough in silence.”\n\nChapter 5: Petal War\nThe garden attacked. Vines lashed like whips. Roses bloomed like bombs. Elenore summoned memory magic; the prince wielded light from forgotten stars. Every emotion became a weapon—love formed shields, sorrow bent thorns away, laughter scattered petals into weapons of light. They fought not to destroy, but to reclaim. Each fallen flower released a captive memory. The garden shrieked, unraveling itself. At its center, the true curse lay—a seed of grief planted by a broken sorceress long ago. Elenore touched it gently. “You are not alone anymore,” she said. The seed cracked. From it bloomed a flower of hope.\n\nChapter 6: The New Garden\nThe old garden withered. In its place bloomed a field of untainted roses—gentle, bright, alive. Elenore and the prince replanted the land together, using soil laced with truth and petals born from healing. Now, when travelers wandered close, the garden gave memories instead of taking them. It whispered names, offered dreams, and let people remember who they were. Elenore became its guardian, no longer cursed but crowned in petals. She smiled often, for the past no longer hurt—it bloomed. The prince remained by her side, his memory whole. They had conquered the thorns. Now, only beauty remained.','ccp_44.png'),(105,4,24,'2025-07-20 15:09:27',2,'C.A.T. – Crimson Alley Terrors','Chapter 1: The First Scratch\nDetective Mara found the victim slashed open in Crimson Alley. No footprints. No weapon. Just a single black cat staring from the shadows. Its eyes glowed unnaturally red. “Coincidence?” her partner joked. Mara didn’t laugh. She felt watched.\n\nChapter 2: The Vanished Witness\nAn old man claimed the cat walked upright, whispering names before the murders. “Cursed, that thing is.” Hours later, his apartment burned. Nothing left but ash—and a pawprint burned into the wall. Mara reviewed footage. The cat was smiling.\n\nChapter 3: Nine Lives\nThe cat appeared at every crime scene. Mara fired at it once. The bullet passed through. “Maybe it’s a hallucination,” her partner said. Then he was found dead—gutted. A note in his mouth read: “Eight lives left, Detective.”\n\nChapter 4: The Crimson File\nDigging deeper, Mara found an old file: nine victims, all linked to a cover-up. The first investigator died mysteriously—his last note said, “The cat knows.” Each new victim matched the list. Mara’s name was next. The cat purred nearby.\n\nChapter 5: The Trap\nMara staged a fake crime to lure the creature. Midnight struck. The cat emerged, eyes blazing. “You can’t hide the truth,” it hissed. Her trap failed. It moved like smoke, claws slicing air. “Justice has claws,” it whispered.\n\nChapter 6: The Final Life\nBleeding, Mara confessed everything—her role in the cover-up. “I was young. Scared.” The cat stopped. “Guilt is a leash,” it said. It vanished. Days passed. No more murders. But every night, Mara sees glowing eyes watching her sleep. Waiting.','ccp_45.png'),(106,4,38,'2025-07-20 15:27:53',6,'C.I.R.C.L.E. – Criminals In Rituals, Cursed Lives Ended','Chapter 1: The Pact\nSix strangers formed a secret group: C.I.R.C.L.E., bound by a blood ritual after a perfect crime. No evidence. No witnesses. They walked free. But on the anniversary, one member was found—charred, twisted in a circle. The message: “Balance must return.”\n\nChapter 2: Blood Pattern\nDetective Reza found another—drained of blood, body arranged in the same perfect circle. Each had burned markings. Only she noticed the strange emblem etched near them. The survivors refused to talk. “We ended it,” one cried. “Why is it back?”\n\nChapter 3: Whispers\nSurvivors reported haunting visions—black smoke, chanting, and a pale child drawing circles in ash. “She’s back,” one whispered before his body combusted. Reza\'s phone buzzed. Unknown number. One word: “Four.” That night, she dreamed of standing inside a burning ring.\n\nChapter 4: The Fourth Flame\nThe fourth died in a church—body hanging upside down in a flaming circle of candles. No alarms triggered. CCTV showed static... and then her own face. Reza felt sick. “What if I’m part of this?” she asked herself. “Chosen?”\n\nChapter 5: The Original Sin\nThe last two met her in secret. “We summoned something that night,” they admitted. “A spirit tied to justice and symmetry.” Reza pressed them. “What did you do?” One replied, shaking: “We sacrificed an innocent. Her curse is the circle.”\n\nChapter 6: Completion\nThe last two died together—burned into a spiral of symbols. Reza stared at her reflection—her eyes now glowed faintly. The circle was complete, and she was marked. She didn’t scream. She just whispered, “Who’s next?” And somewhere, the cycle restarted.','ccp_46.png'),(107,4,33,'2025-07-20 15:36:13',5,'E.Y.E.S. – Every Year Evil Strikes','Chapter 1: Found Again\nEvery year, on July 13th, one person vanishes. This time, it’s a judge—found hanging from a tree, eyelids removed. “E.Y.E.S.” carved into his chest. Detective Lina whispers, “Same mark. Same day.” The town trembles. The Eye Killer is back.\n\nChapter 2: Silent Witness\nA teen survivor claims she saw the killer—faceless, with eyes all over its body. “He doesn’t blink,” she sobs. The power cuts out. In the dark, her screams echo. Lights return. She’s gone. Only a bloody eyeball remains.\n\nChapter 3: Archived\nOld files show E.Y.E.S. began five years ago—each victim tied to a sealed corruption case. Lina finds her father’s name in one. He was a cop. He vanished in ‘21. Her hands shake. She’s not just hunting the killer—she’s involved.\n\nChapter 4: Red Reflection\nLina sees eyes in mirrors—dozens, watching. Her camera glitches. When she develops the photos, her reflection is missing. A note is taped to her wall: “Truth sees truth.” Her ceiling drips red. She checks—no pipes. Just a blinking eye above.\n\nChapter 5: Judgment\nShe digs into her father’s case—he helped bury a child abuse ring. All victims connected to that trial. Lina was a child back then. A survivor. That night, she dreams of fire and ash... and the faceless figure staring down.\n\nChapter 6: Eye for Eye\nOn July 13th, Lina enters the old courthouse, following the eyes drawn in blood. The killer stands inside—wearing no face, only eyes. “It’s your turn,” he says. She doesn’t scream. She steps forward. “Then I’ll be your justice.” The lights flicker.','ccp_1.png'),(108,1,33,'2025-07-20 15:38:39',4,'F.A.T.E. – Forest of Ancients, Trials Eternal','Chapter 1: The Invitation\nOn her sixteenth birthday, Lyra receives a letter sealed with gold bark. “You’ve been chosen by F.A.T.E.” That night, the forest calls her name. Her grandmother gasps. “No one ever returns unchanged.” Lyra steps into the glowing, whispering trees.\n\nChapter 2: Trial One – The Echo\nThe trees reflect Lyra’s thoughts. Every lie she’s told echoes around her in familiar voices. Her guilt takes shape—a shadowy twin. It attacks with truths. She faces herself, screaming. “I’m not weak!” The shadow bows. The forest hums approval.\n\nChapter 3: Trial Two – The Flame\nA burning village appears. Lyra sees her parents begging for help. She runs to them—but the fire consumes her arms. “This is illusion,” she says, resisting. The fire vanishes. Ashes in her hand turn into a glowing phoenix feather.\n\nChapter 4: Trial Three – The Choice\nShe finds two paths: one to infinite power, one to forgotten peace. A spirit says, “You may not return the same.” Lyra hesitates, then chooses the harder trail. “I want to remember. I want to fight.” The spirit smiles. She passes.\n\nChapter 5: The Ancient Throne\nAt the forest’s heart stands a living throne made of root and bone. It pulses with every step she takes. “Name your wish,” it says. Lyra kneels. “I wish to protect others from losing themselves.” The throne dissolves—into her.\n\nChapter 6: Return of the Chosen\nLyra walks back into the village, eyes glowing with forest light. Trees bloom behind her. No one recognizes her—but they bow. “The F.A.T.E. has spoken,” says the elder. She smiles softly. She remembers everything. The forest lives within her now.','ccp_2.png'),(109,1,34,'2025-07-20 15:40:30',1,'S.H.A.D.E. – Silent Heir And the Dusk Eclipse','Chapter 1: Marked by Dusk\nEira was born during a solar eclipse—silent, pale, with crescent markings on her palm. The villagers whispered, “Cursed.” On her eighteenth eclipse, the moon bled red. Shadows gathered around her bed. A voice whispered, “It’s time to return, heir.”\n\nChapter 2: The Door Beneath\nIn the forest, a door of smoke appeared beneath an old willow. Her mark glowed. “Open it,” said the wind. She stepped through and entered a kingdom cast in twilight—ruled by silence and long-lost memories of her bloodline.\n\nChapter 3: The Silent Court\nGhostlike nobles bowed. “Princess Eira, you return.” She couldn’t speak—the realm had stolen her voice. A shadow creature approached. “Your words were sealed when the eclipse took your mother.” He handed her a blade made of moonlight. “Reclaim your throne.”\n\nChapter 4: Trials of Shadow\nTo speak again, Eira faced three trials: stillness, memory, and mercy. In stillness, she calmed a storm. In memory, she watched her mother’s death. In mercy, she spared a traitor’s ghost. Her voice returned, not as sound—but as command.\n\nChapter 5: The Eclipse Crown\nThe moon darkened once more. Eira climbed the Shadow Spire. The eclipse crowned her with silver flame. “You are duskborn—made of balance,” the realm chanted. Light and shadow merged within her eyes. The throne pulsed. Peace began to stir again.\n\nChapter 6: The Whispering Queen\nBack in her world, Eira spoke softly—and the earth listened. Storms stilled, wolves bowed, and night obeyed. Her voice wasn’t loud, but it was law. Once cursed, now crowned. Every eclipse, a whisper passes through kingdoms: Beware the queen who rules in shade.','ccp_3.png'),(110,1,31,'2025-07-20 15:42:27',3,'??? ????????’? ??????????','Chapter 1: ???????? ?? ??? ????\nSylva hears the forest calling, voices older than time. A silver wisp guides her path to the heart of Faerie. “You are chosen,” it hums. With each step, her bond with the wild deepens—ancient magic awakens in her veins.\n\nChapter 2: ? ???? ??????\nAt the Faerie Court, Sylva discovers she descends from the last Wisp Queen. Her powers are bound by secrets and shadows. To claim her legacy, she must embrace the unseen—and the dangers lurking beneath the silver leaves.\n\nChapter 3: ??? ???????? ?? ???????\nA curse silences the forest’s heart. Sylva must find the source—a dark spirit feeding on whispered fears. She learns to speak with shadows, unraveling lies and forging alliances with creatures of light and dark.\n\nChapter 4: ????? ?? ?????\nStorm clouds gather as the balance tips. Sylva’s magic flares, calling faeries and spirits to her side. The court prepares for war—not just for the forest, but for the fate of worlds intertwined.\n\nChapter 5: ????? ?? ?????\nIn a luminous glade, Sylva dances beneath stars, weaving spells of protection and hope. She embraces her role as Whisperer, guiding lost souls and calming the wild’s restless heart.\n\nChapter 6: ???????? ??? ???? ????\nSylva’s voice restores the forest’s song. The Faerie realm blooms anew, shimmering with light and shadow in perfect harmony. She reigns, guardian of whispers and wild magic—forever the bridge between worlds.','ccp_4.png'),(111,1,30,'2025-07-20 15:44:43',1,'The Scarlet Throne','Chapter 1: ??? ????????\nKaelen’s village burns, flames licking the sky. From the ashes, a crimson crown appears—calling him. His touch ignites embers in his veins. “You are the heir of the Flameborn,” a voice booms. The fire chooses its king.\n\nChapter 2: ????’? ?????\nKaelen faces the Trial of Ashes, walking through fire without fear. Each step awakens powers and burns old fears. Sparks dance on his skin; he learns to wield flame—not just as destruction, but as life.\n\nChapter 3: ??????? ???????\nEnemies rise—shadowy figures jealous of his power. Kaelen’s flame battles darkness, a war of heat and shadow. The scarlet crown pulses, warning him: power alone won’t save a kingdom.\n\nChapter 4: ????? ?? ???????\nFriends rally—mages, warriors, and fire spirits. Kaelen leads them through burning lands, forging bonds stronger than steel. The fire within bonds them; their loyalty is a flame unbreakable.\n\nChapter 5: ??? ???? ?????\nA traitor’s smoke blinds Kaelen, threatening to snuff out his flame. Betrayal burns deeper than fire. In the darkest hour, Kaelen finds strength in forgiveness—and the fire within grows fiercer.\n\nChapter 6: ?????? ?????\nThe scarlet crown glows brighter than ever. Kaelen stands atop the throne, flame roaring in his heart. Kingdoms unite under his light. Fire renews all—destruction and creation intertwined. The Flameborn reigns eternal.','ccp_5.png'),(112,2,30,'2025-07-20 15:47:06',2,'V.E.I.L. – Vanished, Enigmas, & Invisible Lies','Chapter 1: The Disappearance\nDetective Mara arrives at the abandoned mansion where the mayor vanished without a trace. No signs of struggle, no clues—only a cryptic note: “The veil will lift.” Shadows flicker in the empty halls. Someone is watching.\n\nChapter 2: Hidden Messages\nIn the mayor’s study, Mara finds encoded letters hidden beneath wallpaper. Each reveals parts of a secret meeting—one that never happened. As she deciphers the code, the mansion’s lights flicker. Whispers echo: “You’re too close.”\n\nChapter 3: The Silent Witness\nA mute gardener saw a stranger leaving the mansion night of the disappearance. Mara trusts his eyes more than words. The gardener sketches the stranger’s face—a masked figure. Suddenly, his hut burns down. The veil of silence grows thicker.\n\nChapter 4: Double Shadows\nMara uncovers a second note—this one warns her to stop digging. Her partner disappears. She suspects a mole inside the force. Trust erodes. The masked figure’s identity remains a puzzle. The veil tightens; the shadows lengthen.\n\nChapter 5: The Breaking Point\nTrapped in a cat-and-mouse game, Mara follows a trail to an underground chamber. There, she confronts the mastermind behind the veil—a person she once trusted. The truth twists like a knife. Lies crumble. Only one secret remains: why the mayor vanished.\n\nChapter 6: Lift the Veil\nMara exposes the conspiracy. The veil is lifted—but the aftermath is chaos. The mayor’s fate revealed shocks the city. As Mara walks away, she knows some lies are invisible for a reason. The veil might close again—waiting for the next seeker.','ccp_6.png'),(113,2,27,'2025-07-20 15:48:43',1,'Secrets In Layers, Every Night Cloaks Everything','Chapter 1: Vanishing Point\nJournalist Ava investigates the sudden disappearance of a famous author. His last manuscript vanished too. His apartment is spotless, except a cryptic symbol drawn in blood. Ava senses someone watching. The silence in the city feels heavy, almost alive.\n\nChapter 2: Layers Unfold\nAva decodes the symbol—a key to an underground society. She uncovers layers of lies hidden beneath the author’s success. Contacts disappear. Messages self-destruct. Her every move is shadowed. The deeper she digs, the louder the silence screams.\n\nChapter 3: Night Watch\nStrange noises haunt Ava’s apartment. She installs cameras, but footage shows empty rooms. At midnight, a figure appears—always just out of focus. Friends warn her to stop. “Some secrets,” they say, “are meant to sleep forever.” Ava can’t turn back.\n\nChapter 4: Cloaked Truths\nAn informant reveals a secret meeting in the city’s catacombs. Ava attends, disguised. Shadows exchange envelopes and threats. The author’s fate is sealed by those who control the narrative. Ava’s identity is compromised. Escape is no longer an option.\n\nChapter 5: Breaking Silence\nAva leaks evidence to the public, triggering panic. Powerful figures retaliate. She’s chased through dark alleys, betrayed by those closest to her. A final message appears on her phone: “Silence will kill you.” Ava prepares to face the silence head-on.\n\nChapter 6: Echoes\nThe truth shatters illusions but awakens darker forces. Ava disappears into the night, her story unfinished. The city breathes again, but silence lingers. Whispers say she vanished into the layers of secrets, becoming one with the silence she fought to break.','ccp_7.png'),(114,3,27,'2025-07-20 15:50:17',1,'Discovering Realities, Embracing All Magic','Chapter 1: The Unexpected Letter\nMaya finds a mysterious letter in her locker, inviting her to join the D.R.E.A.M. academy. Confused but curious, she decides to go. The school looks normal—but whispers of magic ripple through the halls. Maya’s ordinary life is about to change forever.\n\nChapter 2: New Friends, New Rules\nAt D.R.E.A.M., Maya meets Leo and Iris—both hiding secrets. Classes teach strange subjects like “Time Weaving” and “Dream Crafting.” Rules seem strict but fair. Maya struggles to keep up but feels something deep inside awakening. This is just the beginning.\n\nChapter 3: The First Test\nStudents face the Trial of Shadows, confronting fears made real. Maya’s shadow takes the shape of loneliness. With help from friends, she learns courage isn’t absence of fear—it’s acting despite it. The test ends, but questions linger. What’s truly lurking in dreams?\n\nChapter 4: Secrets Unveiled\nMaya discovers a hidden library with books that rewrite themselves. She learns D.R.E.A.M. was founded centuries ago by youth with magical gifts. Some students vanish mysteriously. Maya vows to uncover the truth before she’s next. Trust becomes her most valuable magic.\n\nChapter 5: The Dream Thief\nA shadowy figure steals dreams, leaving students trapped in endless sleep. Maya, Leo, and Iris follow clues into the Dreamscape, a world between worlds. They confront the thief, a lost student consumed by fear. Only together can they save their friends.\n\nChapter 6: Awake and Unbroken\nBack in reality, the school is safe—for now. Maya realizes magic isn’t just spells or dreams, but friendship, bravery, and hope. The letter was an invitation, but the real journey is just starting. She smiles: her dream is real.','ccp_8.png');
/*!40000 ALTER TABLE `contest_entries` ENABLE KEYS */;
UNLOCK TABLES;

--
-- Table structure for table `contest_votes`
--

DROP TABLE IF EXISTS `contest_votes`;
/*!40101 SET @saved_cs_client     = @@character_set_client */;
/*!50503 SET character_set_client = utf8mb4 */;
CREATE TABLE `contest_votes` (
  `vote_id` int NOT NULL AUTO_INCREMENT,
  `contest_entry_id` int NOT NULL COMMENT 'Contest entry ID the vote is for',
  `user_id` int NOT NULL COMMENT 'User ID of the voter',
  `vote_value` tinyint(1) NOT NULL COMMENT 'Vote (e.g., TRUE for vote, FALSE for un-vote)',
  `created_at` timestamp NOT NULL DEFAULT CURRENT_TIMESTAMP COMMENT 'Timestamp when vote was cast',
  PRIMARY KEY (`vote_id`),
  UNIQUE KEY `contest_entry_id` (`contest_entry_id`,`user_id`) COMMENT 'Ensures a user can only vote once per contest entry',
  KEY `user_id` (`user_id`),
  CONSTRAINT `contest_votes_ibfk_1` FOREIGN KEY (`contest_entry_id`) REFERENCES `contest_entries` (`entry_id`) ON DELETE CASCADE,
  CONSTRAINT `contest_votes_ibfk_2` FOREIGN KEY (`user_id`) REFERENCES `users` (`user_id`) ON DELETE CASCADE
) ENGINE=InnoDB AUTO_INCREMENT=211 DEFAULT CHARSET=utf8mb4 COLLATE=utf8mb4_general_ci;
/*!40101 SET character_set_client = @saved_cs_client */;

--
-- Dumping data for table `contest_votes`
--

LOCK TABLES `contest_votes` WRITE;
/*!40000 ALTER TABLE `contest_votes` DISABLE KEYS */;
INSERT INTO `contest_votes` VALUES (1,1,1,1,'2025-04-01 18:27:39'),(2,1,2,1,'2025-04-01 18:27:39'),(3,1,3,1,'2025-04-01 18:27:39'),(4,1,4,1,'2025-04-01 18:27:39'),(5,1,10,1,'2025-04-01 18:27:39'),(6,4,3,1,'2025-04-01 18:28:12'),(7,4,5,1,'2025-04-01 18:28:12'),(8,4,10,1,'2025-04-01 18:28:12'),(9,7,2,1,'2025-04-01 18:28:24'),(10,10,1,1,'2025-04-01 18:33:30'),(11,10,2,1,'2025-04-01 18:33:30'),(12,15,3,1,'2025-04-01 18:33:30'),(13,15,5,1,'2025-04-01 18:33:30'),(14,15,6,1,'2025-04-01 18:33:30'),(15,21,2,1,'2025-04-01 18:35:26'),(16,25,7,1,'2025-04-01 18:35:26'),(17,25,8,1,'2025-04-01 18:35:26'),(18,25,9,1,'2025-04-01 18:35:26'),(19,25,10,1,'2025-04-01 18:35:26'),(20,27,3,1,'2025-04-01 18:42:13'),(21,27,4,1,'2025-04-01 18:42:13'),(22,29,4,1,'2025-04-01 18:42:13'),(23,29,5,1,'2025-04-01 18:42:13'),(24,32,7,1,'2025-04-01 18:42:13'),(30,25,24,1,'2025-06-08 08:39:06'),(31,21,24,1,'2025-06-08 08:44:47'),(38,1,24,1,'2025-06-08 11:02:28'),(50,45,24,1,'2025-06-08 11:35:08'),(55,10,24,1,'2025-06-08 13:17:55'),(56,60,27,1,'2025-06-08 14:12:53'),(58,10,27,1,'2025-06-08 14:13:25'),(59,47,27,1,'2025-06-08 14:13:30'),(60,61,24,1,'2025-06-08 14:15:04'),(62,37,24,1,'2025-06-14 14:27:17'),(63,38,24,1,'2025-06-14 14:27:20'),(65,4,24,1,'2025-06-14 14:29:04'),(67,39,28,1,'2025-06-14 14:30:41'),(72,35,28,1,'2025-06-14 14:34:03'),(76,48,28,1,'2025-06-14 14:35:10'),(77,34,28,1,'2025-06-14 14:37:19'),(79,60,28,1,'2025-06-14 14:37:40'),(80,27,28,1,'2025-06-14 14:37:44'),(81,37,28,1,'2025-06-14 14:40:51'),(82,45,28,1,'2025-06-14 14:40:54'),(83,57,28,1,'2025-06-14 14:44:13'),(84,15,28,1,'2025-06-14 14:44:18'),(85,25,30,1,'2025-06-20 11:33:36'),(91,23,2,1,'2025-06-22 07:28:17'),(94,34,2,1,'2025-06-22 08:46:16'),(95,71,26,1,'2025-06-22 19:52:12'),(96,73,26,1,'2025-06-22 19:52:15'),(97,72,28,1,'2025-06-22 20:00:27'),(98,71,28,1,'2025-06-22 20:00:30'),(99,74,28,1,'2025-06-22 20:00:36'),(100,76,29,1,'2025-06-22 20:03:32'),(101,74,30,1,'2025-06-22 20:06:04'),(102,72,30,1,'2025-06-22 20:06:16'),(103,69,30,1,'2025-06-22 20:06:20'),(104,71,31,1,'2025-06-22 20:18:44'),(105,69,31,1,'2025-06-22 20:18:48'),(106,75,31,1,'2025-06-22 20:18:56'),(107,74,31,1,'2025-06-22 20:18:58'),(108,80,27,1,'2025-06-22 20:23:22'),(110,69,27,1,'2025-06-22 20:23:32'),(111,73,27,1,'2025-06-22 20:23:38'),(112,77,27,1,'2025-06-22 20:23:46'),(113,78,27,1,'2025-06-22 20:23:54'),(114,77,28,1,'2025-06-22 20:24:34'),(115,75,28,1,'2025-06-22 20:24:38'),(116,80,28,1,'2025-06-22 20:24:53'),(117,80,29,1,'2025-06-22 20:26:23'),(118,71,29,1,'2025-06-22 20:26:33'),(119,70,29,1,'2025-06-22 20:26:36'),(120,73,29,1,'2025-06-22 20:26:39'),(121,78,29,1,'2025-06-22 20:26:44'),(122,81,33,1,'2025-06-22 20:32:44'),(123,79,33,1,'2025-06-22 20:32:48'),(124,72,33,1,'2025-06-22 20:32:55'),(125,69,33,1,'2025-06-22 20:32:59'),(126,77,33,1,'2025-06-22 20:33:06'),(127,74,33,1,'2025-06-22 20:33:09'),(128,81,26,1,'2025-06-22 20:42:37'),(129,79,26,1,'2025-06-22 20:42:39'),(130,80,26,1,'2025-06-22 20:42:41'),(131,69,26,1,'2025-06-22 20:42:50'),(132,75,26,1,'2025-06-22 20:42:56'),(133,84,29,1,'2025-06-22 20:44:54'),(134,83,29,1,'2025-06-22 20:45:03'),(135,74,29,1,'2025-06-22 20:45:15'),(136,86,34,1,'2025-06-22 20:49:08'),(137,84,34,1,'2025-06-22 20:49:12'),(138,81,34,1,'2025-06-22 20:49:22'),(139,77,34,1,'2025-06-22 20:49:28'),(140,74,34,1,'2025-06-22 20:49:32'),(141,85,24,1,'2025-06-23 11:06:15'),(144,89,35,1,'2025-06-28 18:26:00'),(145,89,26,1,'2025-06-28 18:27:23'),(146,90,26,1,'2025-06-28 18:27:26'),(147,90,31,1,'2025-06-28 18:53:56'),(148,92,26,1,'2025-06-28 19:43:10'),(149,93,34,1,'2025-06-28 19:44:34'),(151,95,26,1,'2025-06-28 19:48:31'),(154,93,31,1,'2025-06-28 19:50:13'),(155,94,31,1,'2025-06-28 19:50:15'),(156,95,31,1,'2025-06-28 19:50:20'),(157,97,35,1,'2025-06-28 19:50:50'),(158,91,35,1,'2025-06-28 19:50:55'),(159,93,35,1,'2025-06-28 19:51:02'),(160,94,35,1,'2025-06-28 19:51:04'),(161,95,35,1,'2025-06-28 19:51:09'),(162,96,35,1,'2025-06-28 19:51:10'),(163,98,32,1,'2025-06-28 19:53:44'),(165,96,32,1,'2025-06-28 19:53:54'),(166,90,32,1,'2025-06-28 19:54:00'),(171,97,32,1,'2025-06-30 03:43:46'),(172,98,24,1,'2025-06-30 05:13:29'),(173,93,24,1,'2025-07-03 18:37:49'),(174,100,26,1,'2025-07-13 09:11:14'),(175,101,9,1,'2025-07-13 09:13:51'),(176,100,9,1,'2025-07-13 09:13:57'),(177,102,24,1,'2025-07-13 09:14:42'),(178,101,24,1,'2025-07-13 09:14:44'),(179,102,4,1,'2025-07-13 09:17:05'),(180,101,4,1,'2025-07-13 09:17:07'),(181,103,4,1,'2025-07-13 09:17:09'),(182,106,33,1,'2025-07-20 15:36:19'),(183,105,33,1,'2025-07-20 15:36:20'),(184,108,34,1,'2025-07-20 15:40:38'),(185,106,34,1,'2025-07-20 15:40:43'),(186,107,34,1,'2025-07-20 15:40:44'),(187,105,34,1,'2025-07-20 15:40:45'),(188,107,31,1,'2025-07-20 15:42:50'),(189,106,31,1,'2025-07-20 15:42:51'),(191,108,31,1,'2025-07-20 15:42:57'),(192,106,30,1,'2025-07-20 15:43:17'),(193,107,30,1,'2025-07-20 15:43:18'),(194,109,30,1,'2025-07-20 15:43:24'),(195,110,30,1,'2025-07-20 15:43:25'),(196,110,27,1,'2025-07-20 15:47:32'),(198,108,27,1,'2025-07-20 15:47:36'),(199,106,27,1,'2025-07-20 15:47:42'),(200,107,27,1,'2025-07-20 15:47:44'),(201,112,27,1,'2025-07-20 15:49:03'),(203,110,28,1,'2025-07-20 15:51:01'),(204,108,28,1,'2025-07-20 15:51:02'),(205,111,28,1,'2025-07-20 15:51:05'),(206,113,28,1,'2025-07-20 15:51:10'),(207,112,28,1,'2025-07-20 15:51:11'),(208,114,28,1,'2025-07-20 15:51:15'),(209,106,28,1,'2025-07-20 15:51:19'),(210,107,28,1,'2025-07-20 15:51:22');
/*!40000 ALTER TABLE `contest_votes` ENABLE KEYS */;
UNLOCK TABLES;

--
-- Table structure for table `contests`
--

DROP TABLE IF EXISTS `contests`;
/*!40101 SET @saved_cs_client     = @@character_set_client */;
/*!50503 SET character_set_client = utf8mb4 */;
CREATE TABLE `contests` (
  `contest_id` int NOT NULL AUTO_INCREMENT,
  `title` varchar(255) CHARACTER SET utf8mb4 COLLATE utf8mb4_general_ci NOT NULL COMMENT 'Title of the contest',
  `genre` enum('Fantasy','Thriller Mystery','Youth Fiction','Crime Horror') CHARACTER SET utf8mb4 COLLATE utf8mb4_general_ci NOT NULL COMMENT 'Different sections for the contest',
  `created_at` timestamp NOT NULL DEFAULT CURRENT_TIMESTAMP COMMENT 'Timestamp when contest was created',
  PRIMARY KEY (`contest_id`)
) ENGINE=InnoDB AUTO_INCREMENT=11 DEFAULT CHARSET=utf8mb4 COLLATE=utf8mb4_general_ci;
/*!40101 SET character_set_client = @saved_cs_client */;

--
-- Dumping data for table `contests`
--

LOCK TABLES `contests` WRITE;
/*!40000 ALTER TABLE `contests` DISABLE KEYS */;
INSERT INTO `contests` VALUES (1,'Fantasy Writing Contest','Fantasy','2025-04-01 18:26:54'),(2,'Thriller Mystery Writing Contest','Thriller Mystery','2025-04-01 18:32:02'),(3,'Youth Fiction Writing Contest','Youth Fiction','2025-04-01 18:34:58'),(4,'Crime Horror Writing Contest','Crime Horror','2025-04-01 18:41:36');
/*!40000 ALTER TABLE `contests` ENABLE KEYS */;
UNLOCK TABLES;

--
-- Table structure for table `draft_chapters`
--

DROP TABLE IF EXISTS `draft_chapters`;
/*!40101 SET @saved_cs_client     = @@character_set_client */;
/*!50503 SET character_set_client = utf8mb4 */;
CREATE TABLE `draft_chapters` (
  `draft_id` int NOT NULL AUTO_INCREMENT,
  `book_id` int NOT NULL COMMENT 'Book ID the draft chapter belongs to',
  `author_id` int NOT NULL COMMENT 'User ID of the author or co-author',
  `chapter_number` int NOT NULL COMMENT 'Sequential chapter number for the draft',
  `content` longtext CHARACTER SET utf8mb4 COLLATE utf8mb4_general_ci NOT NULL COMMENT 'Draft chapter content',
  `created_at` timestamp NOT NULL DEFAULT CURRENT_TIMESTAMP COMMENT 'Timestamp when draft was created',
  `updated_at` timestamp NOT NULL DEFAULT CURRENT_TIMESTAMP ON UPDATE CURRENT_TIMESTAMP COMMENT 'Timestamp when draft was last updated',
  PRIMARY KEY (`draft_id`),
  UNIQUE KEY `book_id_chapter_number` (`book_id`,`chapter_number`) COMMENT 'Ensures unique chapter numbers within a book for drafts',
  KEY `draft_chapters_ibfk_2` (`author_id`),
  CONSTRAINT `draft_chapters_ibfk_1` FOREIGN KEY (`book_id`) REFERENCES `books` (`book_id`) ON DELETE CASCADE,
  CONSTRAINT `draft_chapters_ibfk_2` FOREIGN KEY (`author_id`) REFERENCES `users` (`user_id`) ON DELETE CASCADE
) ENGINE=InnoDB AUTO_INCREMENT=68 DEFAULT CHARSET=utf8mb4 COLLATE=utf8mb4_general_ci;
/*!40101 SET character_set_client = @saved_cs_client */;

--
-- Dumping data for table `draft_chapters`
--

LOCK TABLES `draft_chapters` WRITE;
/*!40000 ALTER TABLE `draft_chapters` DISABLE KEYS */;
INSERT INTO `draft_chapters` VALUES (1,1,9,8,'Draft: Bob and Jake uncover the mastermind behind the plot...\ndraft testing','2025-04-02 04:00:00','2025-06-05 20:19:05'),(2,1,7,9,'Draft: A new clue emerges from the old diary...','2025-04-02 05:00:00','2025-04-02 05:00:00'),(3,2,4,5,'Draft: Emma learns the crystal’s true origin...','2025-04-02 06:00:00','2025-04-02 06:00:00'),(4,2,5,6,'Draft: The guardian reveals a hidden prophecy...','2025-04-02 07:00:00','2025-04-02 07:00:00'),(11,30,26,1,'draft testing','2025-06-04 21:47:16','2025-06-04 21:47:16'),(15,33,24,1,'fetch draft testing','2025-06-09 19:49:37','2025-06-09 19:49:37'),(18,34,24,1,'chapter 1 draft testing','2025-06-11 10:25:37','2025-06-11 10:25:37'),(19,35,24,1,'w draft','2025-06-11 10:28:03','2025-06-11 10:28:03'),(20,37,24,3,'moon 3','2025-06-11 19:21:00','2025-06-11 19:21:00'),(26,41,24,4,'4','2025-06-12 14:42:14','2025-06-12 14:45:15'),(30,42,27,3,'chapter 3 draft','2025-06-13 15:06:35','2025-06-13 15:06:35'),(32,43,27,4,'secord c4 draft','2025-06-13 15:12:39','2025-06-13 15:12:39'),(33,44,27,3,'third c33','2025-06-13 15:32:24','2025-06-13 15:32:49'),(35,44,27,4,'third c4 draft','2025-06-13 15:33:27','2025-06-13 15:33:27'),(37,44,27,6,'third c6','2025-06-13 15:47:49','2025-06-13 15:47:49'),(40,46,27,4,'Fi c4 draft','2025-06-13 16:01:36','2025-06-13 16:01:36'),(41,45,27,4,'fi c4 draft','2025-06-13 16:03:24','2025-06-13 16:03:24'),(45,41,24,5,'field c5 draft','2025-06-14 10:05:45','2025-06-14 10:05:45'),(46,48,24,3,'no cover 2 draft','2025-06-14 10:32:47','2025-06-14 10:32:47'),(47,49,24,2,'no cover 3 c2','2025-06-14 10:47:27','2025-06-14 10:47:27'),(48,50,24,5,'nc c5 draft update','2025-06-14 11:27:44','2025-06-14 11:28:14'),(51,51,26,3,'w1 c3 draft','2025-06-14 11:41:03','2025-06-14 11:41:03'),(52,51,26,5,'w1 draft 5','2025-06-14 11:44:33','2025-06-14 11:44:33'),(53,51,26,6,'white draft 6','2025-06-14 11:44:49','2025-06-14 11:45:34'),(55,52,27,3,'black c3 draft','2025-06-14 12:01:50','2025-06-14 12:01:50'),(57,53,27,2,'black 2 draft','2025-06-14 12:03:53','2025-06-14 12:03:53'),(58,54,24,5,'The New Resident\n---------------------------------------\nWeeks passed. Room Five was sealed again.\n\nUntil the new student, Alex, arrived.\n\nHe heard about the stories, the disappearances, and the rumors. But he didn’t care. He liked danger. He liked breaking rules.\n\nOne night, he wandered the halls. He found the door. It looked just like any other now. Fresh paint. New lock. But something about it pulled at him.\n\nAs he leaned close, he heard it—barely audible, a girl’s voice:\n\n“Help me…”\n\nHe reached for the knob.\n\nBehind the door, in the mirror, Lena smiled.\n\nSo did the others.','2025-06-28 19:58:03','2025-06-28 19:58:03'),(59,55,26,3,'The Final Winding\n--------------------------------------\nThe next day, the shop was quiet—too quiet. Evelyn stepped into the ticking room, but the clocks were silent. The golden watch sat alone on the table. Beside it was a note in elegant handwriting:\n\n“Your time has come to choose.”\n\nShe hesitated, then picked up the watch. It ticked once.\n\nThe world changed again. Now she stood in a peaceful park, the sun warm on her skin. A little boy ran toward her, arms outstretched. “Mama!” he cried joyfully.\n\nTears welled in her eyes. The boy looked just like her childhood photos. A man stood nearby, smiling warmly. Evelyn felt it—not fear, but peace.\n\nBack in the shop, the clocks remained still. She placed the watch back on the table and smiled.\n\nThe future wasn\'t something to fear. It was something to meet with open arms.\n\nThe clockmaker was gone, but his lesson remained: Time doesn’t trap us—it reveals who we’re meant to be.','2025-06-29 21:30:20','2025-06-29 21:30:20'),(60,56,24,5,'Signal Terminated\n----------------------------------\nWeeks passed. Jared and Mia changed identities, moved countries, erased digital traces.\n\nBut one night, a familiar static crackled from an old hotel radio.\n\n“Delta-7… Sierra-1… Terminate.”\n\nJared smashed the radio.\n\nSomehow, they were still being tracked.\n\nBut this time, they were ready.\n\nMia slid a new device onto the table. “We’ll send our own message. Flip the target. Make them run.”\n\nJared nodded, eyes fierce.\n\n“The hunters become the hunted.”\n\nAnd as the screen lit up, a new signal was born — one that would end the silence for good.','2025-06-29 21:39:17','2025-06-29 21:39:17'),(62,58,26,4,'The Eclipse and the Starcall \n------------------------------------\nAtop the Celestial Spire, the sky turned violet. The eclipse had begun. Liora placed the vial into the Starwell. The earth trembled. The Spire sang in a thousand voices. The darkness, enraged, rose for one final strike. Shadows swirled into a beast of despair, roaring, “You are too young. Too weak.” But Liora stood firm. “I am not alone.” She drew on the grove, the dragon’s wind, Caelen’s fire, and her own soul. Moonlight burst from her hands, not white but silver-gold. The beast screamed, dissolving like smoke in morning light. The stars blinked—then shimmered brighter. The grove’s magic pulsed across the land, waking the world. Trees whispered her name not as a girl, but as Guardian. Caelen vanished, his task complete, leaving behind a trail of falling stars. Liora looked to the sky, her Moonmark now glowing forever. The Starlight Grove was reborn—and so was she.jjjjjjjjjjjjjjjjjjj','2025-06-29 23:29:57','2025-06-30 05:08:12'),(63,59,34,3,'r','2025-06-30 03:30:59','2025-06-30 03:30:59'),(65,60,26,2,'jjjjjjjjjjjjj','2025-06-30 05:18:53','2025-06-30 05:18:53'),(67,62,24,3,'That night, Talia fled the citadel. Guards chased her, blades drawn, torches lighting the night.\n\nBut she wasn’t alone.\n\nThe butterfly grew large—almost the size of a hawk—and shielded her with glowing wings as they entered the Moonshade Forest, a place said to devour all who enter.\n\nBut the forest welcomed her.\n\nOld spirits whispered her name.\n\nA path of floating blossoms appeared beneath her feet.\n\nShe walked until the trees parted—and there stood a silver gate, woven from vines and memory.\n\nThe butterfly landed on her shoulder.\n\n“This is where you begin again.”','2025-07-12 19:52:54','2025-07-12 19:52:54');
/*!40000 ALTER TABLE `draft_chapters` ENABLE KEYS */;
UNLOCK TABLES;

--
-- Table structure for table `group_members`
--

DROP TABLE IF EXISTS `group_members`;
/*!40101 SET @saved_cs_client     = @@character_set_client */;
/*!50503 SET character_set_client = utf8mb4 */;
CREATE TABLE `group_members` (
  `membership_id` int NOT NULL AUTO_INCREMENT,
  `group_id` int NOT NULL COMMENT 'Group ID',
  `user_id` int NOT NULL COMMENT 'User ID of the group member',
  `joined_at` timestamp NOT NULL DEFAULT CURRENT_TIMESTAMP COMMENT 'Timestamp when user joined',
  `online_status` enum('online','offline') CHARACTER SET utf8mb4 COLLATE utf8mb4_general_ci DEFAULT 'offline',
  `last_active` timestamp NOT NULL DEFAULT CURRENT_TIMESTAMP ON UPDATE CURRENT_TIMESTAMP,
  PRIMARY KEY (`membership_id`),
  UNIQUE KEY `group_id` (`group_id`,`user_id`) COMMENT 'Ensures a user can only join a group once',
  KEY `user_id` (`user_id`),
  CONSTRAINT `group_members_ibfk_1` FOREIGN KEY (`group_id`) REFERENCES `community_groups` (`group_id`) ON DELETE CASCADE,
  CONSTRAINT `group_members_ibfk_2` FOREIGN KEY (`user_id`) REFERENCES `users` (`user_id`) ON DELETE CASCADE
) ENGINE=InnoDB AUTO_INCREMENT=88 DEFAULT CHARSET=utf8mb4 COLLATE=utf8mb4_general_ci;
/*!40101 SET character_set_client = @saved_cs_client */;

--
-- Dumping data for table `group_members`
--

LOCK TABLES `group_members` WRITE;
/*!40000 ALTER TABLE `group_members` DISABLE KEYS */;
INSERT INTO `group_members` VALUES (1,1,9,'2025-04-01 19:26:10','online','2025-04-01 19:26:10'),(2,1,7,'2025-04-01 19:26:10','offline','2025-04-01 19:26:10'),(3,1,3,'2025-04-01 19:26:10','offline','2025-04-01 19:26:10'),(4,2,4,'2025-04-01 19:26:10','online','2025-04-01 19:26:10'),(5,2,5,'2025-04-01 19:26:10','offline','2025-04-01 19:26:10'),(6,2,6,'2025-04-01 19:26:10','offline','2025-04-01 19:26:10'),(7,3,9,'2025-04-01 19:26:10','offline','2025-04-01 19:26:10'),(8,3,7,'2025-04-01 19:26:10','online','2025-04-01 19:26:10'),(9,4,3,'2025-04-01 19:26:10','offline','2025-04-01 19:26:10'),(10,4,4,'2025-04-01 19:26:10','online','2025-04-01 19:26:10'),(14,16,9,'2025-06-11 13:37:00','online','2025-06-11 13:37:00'),(15,17,26,'2025-06-11 13:37:00','online','2025-06-11 13:37:00'),(16,18,27,'2025-06-11 13:37:00','online','2025-06-11 13:37:00'),(17,19,24,'2025-06-11 13:37:00','online','2025-06-11 13:37:00'),(19,21,24,'2025-06-11 13:49:48','online','2025-06-11 13:49:48'),(20,21,26,'2025-06-11 13:49:48','online','2025-06-11 13:49:48'),(21,21,27,'2025-06-11 13:49:48','online','2025-06-11 13:49:48'),(22,21,1,'2025-06-11 13:49:48','online','2025-06-11 13:49:48'),(23,21,2,'2025-06-11 13:49:48','online','2025-06-11 13:49:48'),(24,21,3,'2025-06-11 13:49:48','online','2025-06-11 13:49:48'),(25,21,4,'2025-06-11 13:49:48','online','2025-06-11 13:49:48'),(26,21,11,'2025-06-11 13:49:48','online','2025-06-11 13:49:48'),(27,21,12,'2025-06-11 13:49:48','online','2025-06-11 13:49:48'),(28,21,13,'2025-06-11 13:49:48','online','2025-06-11 13:49:48'),(29,21,5,'2025-06-11 13:49:48','online','2025-06-11 13:49:48'),(30,21,6,'2025-06-11 13:49:48','online','2025-06-11 13:49:48'),(31,21,7,'2025-06-11 13:49:48','online','2025-06-11 13:49:48'),(32,21,8,'2025-06-11 13:49:48','online','2025-06-11 13:49:48'),(33,21,9,'2025-06-11 13:49:48','online','2025-06-11 13:49:48'),(34,21,10,'2025-06-11 13:49:48','online','2025-06-11 13:49:48'),(51,3,24,'2025-06-26 08:26:09','online','2025-06-26 08:26:09'),(52,1,24,'2025-06-26 08:26:18','online','2025-06-26 08:26:18'),(53,1,26,'2025-06-26 08:27:20','online','2025-06-26 08:27:20'),(55,23,26,'2025-06-26 08:46:10','online','2025-06-26 08:46:10'),(56,21,28,'2025-06-26 15:03:29','online','2025-06-26 15:03:29'),(57,21,34,'2025-06-26 15:21:58','online','2025-06-26 15:21:58'),(58,21,32,'2025-06-26 15:29:19','online','2025-06-26 15:29:19'),(59,2,24,'2025-06-26 15:30:45','online','2025-06-26 15:30:45'),(60,21,33,'2025-06-26 15:31:46','online','2025-06-26 15:31:46'),(61,21,31,'2025-06-26 15:35:55','online','2025-06-26 15:35:55'),(63,2,31,'2025-06-26 16:07:43','online','2025-06-26 16:07:43'),(64,18,24,'2025-06-26 17:46:28','online','2025-06-26 17:46:28'),(65,24,26,'2025-06-26 17:48:11','online','2025-06-26 17:48:11'),(66,24,24,'2025-06-26 17:48:56','online','2025-06-26 17:48:56'),(67,18,26,'2025-06-26 17:51:04','online','2025-06-26 17:51:04'),(77,27,26,'2025-06-26 18:25:15','online','2025-06-26 18:25:15'),(81,21,35,'2025-06-29 23:14:10','online','2025-06-29 23:14:10'),(82,3,34,'2025-06-30 03:25:52','online','2025-06-30 03:25:52');
/*!40000 ALTER TABLE `group_members` ENABLE KEYS */;
UNLOCK TABLES;

--
-- Table structure for table `notifications`
--

DROP TABLE IF EXISTS `notifications`;
/*!40101 SET @saved_cs_client     = @@character_set_client */;
/*!50503 SET character_set_client = utf8mb4 */;
CREATE TABLE `notifications` (
  `notification_id` int NOT NULL AUTO_INCREMENT,
  `user_id` int NOT NULL COMMENT 'User receiving the notification (book owner)',
  `book_id` int NOT NULL COMMENT 'Book related to the notification',
  `action_type` enum('Comment','Rating','Support','CollaborationRequest','GroupMessage') CHARACTER SET utf8mb4 COLLATE utf8mb4_general_ci NOT NULL COMMENT 'Type of action triggering the notification',
  `action_user_id` int NOT NULL COMMENT 'User who performed the action',
  `action_id` int NOT NULL COMMENT 'ID of the action (e.g., rating_id, support_id, etc.)',
  `message` text CHARACTER SET utf8mb4 COLLATE utf8mb4_general_ci NOT NULL COMMENT 'Notification message',
  `created_at` timestamp NOT NULL DEFAULT CURRENT_TIMESTAMP COMMENT 'Timestamp when notification was created',
  `is_read` tinyint(1) DEFAULT '0' COMMENT 'Whether the notification has been read',
  PRIMARY KEY (`notification_id`),
  KEY `user_id` (`user_id`),
  KEY `book_id` (`book_id`),
  KEY `action_user_id` (`action_user_id`),
  CONSTRAINT `notifications_ibfk_1` FOREIGN KEY (`user_id`) REFERENCES `users` (`user_id`) ON DELETE CASCADE,
  CONSTRAINT `notifications_ibfk_2` FOREIGN KEY (`book_id`) REFERENCES `books` (`book_id`) ON DELETE CASCADE,
  CONSTRAINT `notifications_ibfk_3` FOREIGN KEY (`action_user_id`) REFERENCES `users` (`user_id`) ON DELETE CASCADE
) ENGINE=InnoDB AUTO_INCREMENT=32 DEFAULT CHARSET=utf8mb4 COLLATE=utf8mb4_general_ci;
/*!40101 SET character_set_client = @saved_cs_client */;

--
-- Dumping data for table `notifications`
--

LOCK TABLES `notifications` WRITE;
/*!40000 ALTER TABLE `notifications` DISABLE KEYS */;
INSERT INTO `notifications` VALUES (1,24,23,'Support',26,31,'user_2 supported your book test 1 with 10.00','2025-07-11 16:12:13',0),(2,24,21,'Rating',29,226,'5555 rated your book 1b','2025-07-11 16:21:15',0),(3,24,21,'Comment',29,226,'5555 commented on your book 1b','2025-07-11 16:21:15',1),(4,9,1,'Rating',29,227,'5555 rated your book Bob\'s Mystery Novel','2025-07-11 16:21:51',0),(5,9,1,'Rating',24,231,'user_1 rated your book Bob\'s Mystery Novel','2025-07-12 13:11:31',0),(6,9,1,'Comment',24,231,'user_1 commented on your book Bob\'s Mystery Novel','2025-07-12 13:11:31',0),(7,9,1,'Rating',24,232,'user_1 rated your book Bob\'s Mystery Novel','2025-07-12 13:13:59',0),(8,9,1,'Comment',24,232,'user_1 commented on your book Bob\'s Mystery Novel','2025-07-12 13:13:59',0),(9,9,1,'Rating',24,233,'user_1 rated your book Bob\'s Mystery Novel','2025-07-12 13:16:38',0),(10,9,1,'Comment',24,233,'user_1 commented on your book Bob\'s Mystery Novel','2025-07-12 13:16:38',0),(11,9,1,'Rating',24,234,'user_1 rated your book Bob\'s Mystery Novel','2025-07-12 15:18:56',0),(12,9,1,'Comment',24,234,'user_1 commented on your book Bob\'s Mystery Novel','2025-07-12 15:18:56',0),(13,9,1,'Rating',38,236,'lily evergarden rated your book Bob\'s Mystery Novel','2025-07-12 18:37:21',0),(14,9,1,'Comment',38,236,'lily evergarden commented on your book Bob\'s Mystery Novel','2025-07-12 18:37:21',0),(15,9,1,'Rating',38,237,'lily evergarden rated your book Bob\'s Mystery Novel','2025-07-12 18:40:11',0),(16,9,1,'Comment',38,237,'lily evergarden commented on your book Bob\'s Mystery Novel','2025-07-12 18:40:11',0),(17,9,1,'Rating',38,238,'lily evergarden rated your book Bob\'s Mystery Novel','2025-07-12 18:40:22',0),(18,9,1,'Support',38,32,'lily evergarden supported your book Bob\'s Mystery Novel with 30.00','2025-07-12 18:42:15',0),(19,9,1,'Support',26,33,'user_2 supported your book Bob\'s Mystery Novel with 300.00','2025-07-12 18:44:35',0),(20,9,1,'Rating',27,239,'33333 rated your book Bob\'s Mystery Novel','2025-07-12 18:47:12',0),(21,9,1,'Comment',27,239,'33333 commented on your book Bob\'s Mystery Novel','2025-07-12 18:47:12',0),(22,9,1,'Rating',27,240,'33333 rated your book Bob\'s Mystery Novel','2025-07-12 18:48:19',0),(23,9,1,'Comment',27,240,'33333 commented on your book Bob\'s Mystery Novel','2025-07-12 18:48:19',0),(24,9,1,'Support',27,34,'33333 supported your book Bob\'s Mystery Novel with 10.00','2025-07-12 18:48:44',0),(25,9,1,'CollaborationRequest',38,67,'lily evergarden sent a collaboration request for your book Bob\'s Mystery Novel','2025-07-12 18:52:48',0),(26,9,1,'CollaborationRequest',38,68,'lily evergarden sent a collaboration request for your book Bob\'s Mystery Novel','2025-07-12 18:54:24',0),(27,9,1,'CollaborationRequest',38,69,'lily evergarden sent a collaboration request for your book Bob\'s Mystery Novel','2025-07-12 18:57:03',0),(28,9,1,'CollaborationRequest',38,70,'lily evergarden sent a collaboration request for your book Bob\'s Mystery Novel','2025-07-12 19:00:31',0),(29,9,1,'CollaborationRequest',38,71,'lily evergarden sent a collaboration request for your book Bob\'s Mystery Novel','2025-07-12 19:01:13',0),(30,9,1,'CollaborationRequest',38,72,'lily evergarden sent a collaboration request for your book Bob\'s Mystery Novel','2025-07-12 19:01:59',0),(31,9,1,'CollaborationRequest',38,73,'lily evergarden sent a collaboration request for your book Bob\'s Mystery Novel','2025-07-12 19:15:41',0);
/*!40000 ALTER TABLE `notifications` ENABLE KEYS */;
UNLOCK TABLES;

--
-- Table structure for table `permission_requests`
--

DROP TABLE IF EXISTS `permission_requests`;
/*!40101 SET @saved_cs_client     = @@character_set_client */;
/*!50503 SET character_set_client = utf8mb4 */;
CREATE TABLE `permission_requests` (
  `request_id` int NOT NULL AUTO_INCREMENT,
  `requester_id` int NOT NULL,
  `author_id` int NOT NULL,
  `status` enum('pending','approved','denied') DEFAULT 'pending',
  `created_at` timestamp NULL DEFAULT CURRENT_TIMESTAMP,
  PRIMARY KEY (`request_id`),
  KEY `requester_id` (`requester_id`),
  KEY `author_id` (`author_id`),
  CONSTRAINT `permission_requests_ibfk_1` FOREIGN KEY (`requester_id`) REFERENCES `users` (`user_id`),
  CONSTRAINT `permission_requests_ibfk_2` FOREIGN KEY (`author_id`) REFERENCES `users` (`user_id`)
) ENGINE=InnoDB DEFAULT CHARSET=utf8mb4 COLLATE=utf8mb4_0900_ai_ci;
/*!40101 SET character_set_client = @saved_cs_client */;

--
-- Dumping data for table `permission_requests`
--

LOCK TABLES `permission_requests` WRITE;
/*!40000 ALTER TABLE `permission_requests` DISABLE KEYS */;
/*!40000 ALTER TABLE `permission_requests` ENABLE KEYS */;
UNLOCK TABLES;

--
-- Table structure for table `profile_views`
--

DROP TABLE IF EXISTS `profile_views`;
/*!40101 SET @saved_cs_client     = @@character_set_client */;
/*!50503 SET character_set_client = utf8mb4 */;
CREATE TABLE `profile_views` (
  `view_id` int NOT NULL AUTO_INCREMENT,
  `viewer_id` int DEFAULT NULL COMMENT 'User viewing the profile',
  `profile_id` int NOT NULL COMMENT 'Profile being viewed',
  `viewed_at` timestamp NOT NULL DEFAULT CURRENT_TIMESTAMP COMMENT 'Timestamp when the profile was viewed',
  PRIMARY KEY (`view_id`),
  KEY `viewer_id` (`viewer_id`),
  KEY `profile_id` (`profile_id`),
  CONSTRAINT `profile_views_ibfk_1` FOREIGN KEY (`viewer_id`) REFERENCES `users` (`user_id`) ON DELETE SET NULL,
  CONSTRAINT `profile_views_ibfk_2` FOREIGN KEY (`profile_id`) REFERENCES `users` (`user_id`) ON DELETE CASCADE
) ENGINE=InnoDB AUTO_INCREMENT=7 DEFAULT CHARSET=utf8mb4 COLLATE=utf8mb4_general_ci;
/*!40101 SET character_set_client = @saved_cs_client */;

--
-- Dumping data for table `profile_views`
--

LOCK TABLES `profile_views` WRITE;
/*!40000 ALTER TABLE `profile_views` DISABLE KEYS */;
INSERT INTO `profile_views` VALUES (1,9,9,'2025-04-01 19:19:33'),(2,7,7,'2025-04-01 19:19:33'),(3,3,3,'2025-04-01 19:19:33'),(4,4,4,'2025-04-01 19:19:33');
/*!40000 ALTER TABLE `profile_views` ENABLE KEYS */;
UNLOCK TABLES;

--
-- Table structure for table `ratings`
--

DROP TABLE IF EXISTS `ratings`;
/*!40101 SET @saved_cs_client     = @@character_set_client */;
/*!50503 SET character_set_client = utf8mb4 */;
CREATE TABLE `ratings` (
  `rating_id` int NOT NULL AUTO_INCREMENT,
  `book_id` int NOT NULL COMMENT 'Book ID being rated',
  `user_id` int NOT NULL COMMENT 'User ID of the reviewer',
  `rating` int DEFAULT NULL,
  `comment` text CHARACTER SET utf8mb4 COLLATE utf8mb4_general_ci COMMENT 'User comment or review',
  `created_at` timestamp NOT NULL DEFAULT CURRENT_TIMESTAMP COMMENT 'Timestamp when rating was submitted',
  PRIMARY KEY (`rating_id`),
  UNIQUE KEY `book_id` (`book_id`,`user_id`) COMMENT 'Ensures a user can only rate a book once',
  KEY `user_id` (`user_id`),
  CONSTRAINT `ratings_ibfk_1` FOREIGN KEY (`book_id`) REFERENCES `books` (`book_id`) ON DELETE CASCADE,
  CONSTRAINT `ratings_ibfk_2` FOREIGN KEY (`user_id`) REFERENCES `users` (`user_id`) ON DELETE CASCADE
) ENGINE=InnoDB AUTO_INCREMENT=241 DEFAULT CHARSET=utf8mb4 COLLATE=utf8mb4_general_ci;
/*!40101 SET character_set_client = @saved_cs_client */;

--
-- Dumping data for table `ratings`
--

LOCK TABLES `ratings` WRITE;
/*!40000 ALTER TABLE `ratings` DISABLE KEYS */;
INSERT INTO `ratings` VALUES (83,1,1,4,'g','2025-04-01 13:30:00'),(84,1,2,NULL,'Loved the suspense, can’t wait for the next chapter!','2025-04-02 04:15:00'),(85,1,3,5,NULL,'2025-04-03 08:20:00'),(88,2,3,4,NULL,'2025-04-06 09:10:00'),(154,2,1,0,NULL,'2025-06-05 20:20:07'),(156,23,24,5,'i loved this','2025-06-05 20:35:45'),(158,2,24,2,'gjy','2025-06-05 21:41:54'),(159,13,24,2,'i like book 7','2025-06-05 22:13:36'),(161,2,27,2,'ct','2025-06-08 15:41:23'),(163,11,26,NULL,'writting comment from text field','2025-06-08 15:46:09'),(167,23,1,3,NULL,'2025-06-08 16:43:09'),(171,23,26,4,'hey i love your book','2025-06-11 11:29:53'),(173,17,24,NULL,'testing','2025-06-12 13:07:53'),(178,15,24,NULL,'v','2025-06-13 14:30:55'),(190,15,27,2,NULL,'2025-06-13 15:36:48'),(191,45,27,0,NULL,'2025-06-13 15:55:56'),(196,47,24,5,'like','2025-06-13 16:31:58'),(198,2,29,NULL,'this','2025-06-14 13:26:02'),(205,54,33,NULL,'i like your writting ❤','2025-06-29 02:58:14'),(206,54,34,5,'i llike the chapter 3 very much','2025-06-29 05:10:10'),(208,54,24,NULL,'hope all the viewers  will like my book','2025-06-29 05:14:47'),(209,54,26,3,NULL,'2025-06-29 19:08:17'),(210,54,27,3,NULL,'2025-06-29 19:48:03'),(211,56,26,5,'coments','2025-06-29 21:40:22'),(214,55,24,3,NULL,'2025-06-29 21:47:23'),(218,1,32,3,NULL,'2025-06-30 03:37:28'),(226,21,29,NULL,'is this working','2025-07-11 16:21:15'),(227,1,29,2,'is this','2025-07-11 16:21:51'),(238,1,38,4,NULL,'2025-07-12 18:40:22'),(240,1,27,NULL,'love it','2025-07-12 18:48:19');
/*!40000 ALTER TABLE `ratings` ENABLE KEYS */;
UNLOCK TABLES;

--
-- Table structure for table `reading_list`
--

DROP TABLE IF EXISTS `reading_list`;
/*!40101 SET @saved_cs_client     = @@character_set_client */;
/*!50503 SET character_set_client = utf8mb4 */;
CREATE TABLE `reading_list` (
  `reading_list_id` int NOT NULL AUTO_INCREMENT,
  `reader_id` int NOT NULL COMMENT 'User who added the book',
  `listed_book_id` int NOT NULL COMMENT 'Book ID being added',
  `reading_status` enum('Reading','Completed','Dropped','SavedForLater') CHARACTER SET utf8mb4 COLLATE utf8mb4_general_ci DEFAULT 'Reading' COMMENT 'Reading status, including saved for later',
  `added_at` timestamp NOT NULL DEFAULT CURRENT_TIMESTAMP COMMENT 'Timestamp when added',
  PRIMARY KEY (`reading_list_id`),
  UNIQUE KEY `user_id` (`reader_id`,`listed_book_id`) COMMENT 'Prevents duplicate book entries',
  KEY `book_id` (`listed_book_id`),
  CONSTRAINT `reading_list_ibfk_1` FOREIGN KEY (`reader_id`) REFERENCES `users` (`user_id`) ON DELETE CASCADE,
  CONSTRAINT `reading_list_ibfk_2` FOREIGN KEY (`listed_book_id`) REFERENCES `books` (`book_id`) ON DELETE CASCADE
) ENGINE=InnoDB AUTO_INCREMENT=61 DEFAULT CHARSET=utf8mb4 COLLATE=utf8mb4_general_ci;
/*!40101 SET character_set_client = @saved_cs_client */;

--
-- Dumping data for table `reading_list`
--

LOCK TABLES `reading_list` WRITE;
/*!40000 ALTER TABLE `reading_list` DISABLE KEYS */;
INSERT INTO `reading_list` VALUES (1,9,2,'Reading','2025-04-01 13:18:58'),(2,7,2,'Completed','2025-04-01 13:18:58'),(4,4,1,'Reading','2025-04-01 13:18:58'),(5,3,1,'SavedForLater','2025-04-02 02:45:00'),(6,4,2,'SavedForLater','2025-04-02 02:50:00'),(7,7,1,'SavedForLater','2025-04-02 03:00:00'),(24,24,12,'Completed','2025-07-13 10:03:49'),(25,24,20,'SavedForLater','2025-06-05 22:14:43'),(26,24,2,'Completed','2025-06-09 18:22:41'),(27,24,21,'SavedForLater','2025-06-09 19:13:54'),(29,24,16,'SavedForLater','2025-06-09 19:26:31'),(30,24,13,'SavedForLater','2025-06-10 21:57:13'),(31,24,34,'Reading','2025-06-11 10:57:31'),(33,24,14,'SavedForLater','2025-06-11 18:26:05'),(34,24,17,'SavedForLater','2025-06-11 18:26:19'),(36,26,11,'SavedForLater','2025-06-12 13:16:17'),(37,26,19,'Completed','2025-06-12 13:16:28'),(38,26,2,'SavedForLater','2025-06-12 13:16:40'),(40,24,23,'Reading','2025-07-13 10:07:33'),(41,27,1,'SavedForLater','2025-06-13 15:35:45'),(43,29,2,'SavedForLater','2025-06-14 13:26:11'),(44,30,2,'SavedForLater','2025-06-22 03:38:52'),(47,33,54,'Reading','2025-06-29 02:58:27'),(49,26,56,'Completed','2025-06-29 22:58:28'),(51,34,1,'Completed','2025-06-30 03:23:59'),(53,38,1,'Reading','2025-07-12 19:18:07'),(60,24,38,'SavedForLater','2025-07-13 10:08:18');
/*!40000 ALTER TABLE `reading_list` ENABLE KEYS */;
UNLOCK TABLES;

--
-- Table structure for table `support`
--

DROP TABLE IF EXISTS `support`;
/*!40101 SET @saved_cs_client     = @@character_set_client */;
/*!50503 SET character_set_client = utf8mb4 */;
CREATE TABLE `support` (
  `support_id` int NOT NULL AUTO_INCREMENT,
  `user_id` int NOT NULL COMMENT 'User sending support',
  `author_id` int NOT NULL COMMENT 'Author receiving support',
  `amount` decimal(10,2) NOT NULL COMMENT 'Support amount in currency',
  `message` text CHARACTER SET utf8mb4 COLLATE utf8mb4_general_ci COMMENT 'Optional message from supporter',
  `created_at` timestamp NOT NULL DEFAULT CURRENT_TIMESTAMP COMMENT 'Timestamp when support was sent',
  `book_id` int DEFAULT NULL COMMENT 'Book for which support is given',
  PRIMARY KEY (`support_id`),
  KEY `user_id` (`user_id`),
  KEY `author_id` (`author_id`),
  KEY `support_ibfk_3` (`book_id`),
  CONSTRAINT `support_ibfk_1` FOREIGN KEY (`user_id`) REFERENCES `users` (`user_id`) ON DELETE CASCADE,
  CONSTRAINT `support_ibfk_2` FOREIGN KEY (`author_id`) REFERENCES `users` (`user_id`) ON DELETE CASCADE,
  CONSTRAINT `support_ibfk_3` FOREIGN KEY (`book_id`) REFERENCES `books` (`book_id`) ON DELETE CASCADE
) ENGINE=InnoDB AUTO_INCREMENT=35 DEFAULT CHARSET=utf8mb4 COLLATE=utf8mb4_general_ci;
/*!40101 SET character_set_client = @saved_cs_client */;

--
-- Dumping data for table `support`
--

LOCK TABLES `support` WRITE;
/*!40000 ALTER TABLE `support` DISABLE KEYS */;
INSERT INTO `support` VALUES (19,26,24,200.00,'i like your writing of this book','2025-06-29 04:12:11',54),(20,34,24,70.00,'hope you\'ll update soon','2025-06-29 05:11:04',54),(21,32,24,690.00,'i appreciate your work','2025-06-29 05:13:25',40),(22,9,24,40.00,'aaaaaaaaaaa','2025-06-29 07:15:14',54),(23,24,26,10.00,'keep going','2025-06-29 18:33:10',31),(24,26,24,40.00,'keep going','2025-06-29 19:09:12',54),(25,27,24,80.00,'good','2025-06-29 19:48:27',54),(26,24,9,20.00,'i like your book','2025-06-29 21:06:34',1),(27,26,24,20.00,'message','2025-06-29 22:55:07',56),(28,34,9,20.00,'j','2025-06-30 03:23:06',1),(29,32,34,10.00,'support','2025-06-30 03:32:20',59),(30,24,26,10.00,'hhhhhhhhh','2025-06-30 05:05:02',58),(31,26,24,10.00,'noti check','2025-07-11 16:12:13',23),(32,38,9,30.00,'i like your writing','2025-07-12 18:42:15',1),(33,26,9,300.00,'i like how you write this book.','2025-07-12 18:44:35',1),(34,27,9,10.00,'I like how you wrote this book.','2025-07-12 18:48:44',1);
/*!40000 ALTER TABLE `support` ENABLE KEYS */;
UNLOCK TABLES;

--
-- Table structure for table `user_followers`
--

DROP TABLE IF EXISTS `user_followers`;
/*!40101 SET @saved_cs_client     = @@character_set_client */;
/*!50503 SET character_set_client = utf8mb4 */;
CREATE TABLE `user_followers` (
  `follow_id` int NOT NULL AUTO_INCREMENT,
  `follower_id` int NOT NULL COMMENT 'User ID of the follower',
  `following_id` int NOT NULL COMMENT 'User ID being followed',
  `created_at` timestamp NOT NULL DEFAULT CURRENT_TIMESTAMP COMMENT 'Timestamp when follow action occurred',
  PRIMARY KEY (`follow_id`),
  UNIQUE KEY `follower_id` (`follower_id`,`following_id`) COMMENT 'Ensures a user can only follow another user once',
  UNIQUE KEY `unique_follower_following` (`follower_id`,`following_id`),
  KEY `following_id` (`following_id`),
  CONSTRAINT `user_followers_ibfk_1` FOREIGN KEY (`follower_id`) REFERENCES `users` (`user_id`) ON DELETE CASCADE,
  CONSTRAINT `user_followers_ibfk_2` FOREIGN KEY (`following_id`) REFERENCES `users` (`user_id`) ON DELETE CASCADE
) ENGINE=InnoDB AUTO_INCREMENT=11 DEFAULT CHARSET=utf8mb4 COLLATE=utf8mb4_general_ci;
/*!40101 SET character_set_client = @saved_cs_client */;

--
-- Dumping data for table `user_followers`
--

LOCK TABLES `user_followers` WRITE;
/*!40000 ALTER TABLE `user_followers` DISABLE KEYS */;
INSERT INTO `user_followers` VALUES (1,9,7,'2025-04-01 19:17:27'),(2,9,3,'2025-04-01 19:17:27'),(3,9,4,'2025-04-01 19:17:27'),(5,7,4,'2025-04-01 19:17:27'),(6,3,9,'2025-04-01 19:17:27'),(7,4,9,'2025-04-01 19:17:27');
/*!40000 ALTER TABLE `user_followers` ENABLE KEYS */;
UNLOCK TABLES;

--
-- Table structure for table `user_group_status`
--

DROP TABLE IF EXISTS `user_group_status`;
/*!40101 SET @saved_cs_client     = @@character_set_client */;
/*!50503 SET character_set_client = utf8mb4 */;
CREATE TABLE `user_group_status` (
  `user_id` int NOT NULL,
  `group_id` int NOT NULL,
  `status` enum('joined','left') CHARACTER SET utf8mb4 COLLATE utf8mb4_general_ci DEFAULT 'joined',
  PRIMARY KEY (`user_id`,`group_id`),
  KEY `group_id` (`group_id`),
  CONSTRAINT `user_group_status_ibfk_1` FOREIGN KEY (`user_id`) REFERENCES `users` (`user_id`),
  CONSTRAINT `user_group_status_ibfk_2` FOREIGN KEY (`group_id`) REFERENCES `community_groups` (`group_id`)
) ENGINE=InnoDB DEFAULT CHARSET=utf8mb4 COLLATE=utf8mb4_general_ci;
/*!40101 SET character_set_client = @saved_cs_client */;

--
-- Dumping data for table `user_group_status`
--

LOCK TABLES `user_group_status` WRITE;
/*!40000 ALTER TABLE `user_group_status` DISABLE KEYS */;
INSERT INTO `user_group_status` VALUES (1,21,'joined'),(2,21,'joined'),(3,1,'joined'),(3,4,'joined'),(3,21,'joined'),(4,2,'joined'),(4,4,'joined'),(4,21,'joined'),(5,2,'joined'),(5,21,'joined'),(6,2,'joined'),(6,21,'joined'),(7,1,'joined'),(7,3,'joined'),(7,21,'joined'),(8,21,'joined'),(9,1,'joined'),(9,3,'joined'),(9,16,'joined'),(9,21,'joined'),(10,21,'joined'),(11,21,'joined'),(12,21,'joined'),(13,21,'joined'),(24,19,'joined'),(24,21,'joined'),(26,17,'joined'),(26,21,'joined'),(27,18,'joined'),(27,21,'joined');
/*!40000 ALTER TABLE `user_group_status` ENABLE KEYS */;
UNLOCK TABLES;

--
-- Table structure for table `users`
--

DROP TABLE IF EXISTS `users`;
/*!40101 SET @saved_cs_client     = @@character_set_client */;
/*!50503 SET character_set_client = utf8mb4 */;
CREATE TABLE `users` (
  `user_id` int NOT NULL AUTO_INCREMENT,
  `username` varchar(50) CHARACTER SET utf8mb4 COLLATE utf8mb4_general_ci NOT NULL COMMENT 'Unique username for login',
  `password` varchar(255) CHARACTER SET utf8mb4 COLLATE utf8mb4_general_ci NOT NULL COMMENT 'Hashed password for security',
  `email` varchar(100) CHARACTER SET utf8mb4 COLLATE utf8mb4_general_ci NOT NULL COMMENT 'Unique email address',
  `role` enum('Admin','Regular User') CHARACTER SET utf8mb4 COLLATE utf8mb4_general_ci NOT NULL DEFAULT 'Regular User',
  `profile_picture` varchar(255) CHARACTER SET utf8mb4 COLLATE utf8mb4_general_ci DEFAULT NULL COMMENT 'Profile picture URL',
  `books_read_count` int DEFAULT '0' COMMENT 'Number of books read by the user',
  `works_created_count` int DEFAULT '0' COMMENT 'Number of books created by the user',
  `created_at` timestamp NOT NULL DEFAULT CURRENT_TIMESTAMP COMMENT 'Account creation timestamp',
  `books_listed_count` int DEFAULT '0' COMMENT 'Number of books saved by user',
  `followers_count` int DEFAULT '0',
  `following_count` int DEFAULT '0',
  `total_saved_books` int DEFAULT '0' COMMENT 'Total number of books saved by the user',
  `total_visited_books` int DEFAULT '0' COMMENT 'Total number of books visited by the user',
  `total_saved_for_later_books` int DEFAULT '0' COMMENT 'Total number of books saved for later by the user',
  PRIMARY KEY (`user_id`),
  UNIQUE KEY `username` (`username`),
  UNIQUE KEY `email` (`email`)
) ENGINE=InnoDB AUTO_INCREMENT=39 DEFAULT CHARSET=utf8mb4 COLLATE=utf8mb4_general_ci;
/*!40101 SET character_set_client = @saved_cs_client */;

--
-- Dumping data for table `users`
--

LOCK TABLES `users` WRITE;
/*!40000 ALTER TABLE `users` DISABLE KEYS */;
INSERT INTO `users` VALUES (1,'alice_writer','hp12345100','alice@example.com','Regular User','alice.jpg',0,4,'2025-03-09 10:54:49',0,0,0,0,2,0),(2,'bob_novelist','hp1234522','bob@example.com','Regular User','bob.jpg',0,2,'2025-03-09 10:54:49',0,0,0,0,1,0),(3,'charlie_poet','hp1234533','charlie@example.com','Regular User','charlie.jpg',0,4,'2025-03-09 10:54:49',1,1,1,1,1,1),(4,'david_storyteller','hp1234544','david@example.com','Regular User','david.jpg',0,1,'2025-03-09 10:54:49',2,2,1,2,1,1),(5,'emma_fantasy','hp1234555','emma@example.com','Regular User','emma.jpg',0,4,'2025-03-09 10:54:49',0,0,0,0,0,0),(6,'frank_mystery','hp1234566','frank@example.com','Regular User','frank.jpg',0,1,'2025-03-09 10:54:49',0,0,0,0,0,0),(7,'grace_thriller','hp1234577','grace@example.com','Regular User','grace.jpg',1,2,'2025-03-09 10:54:49',2,1,1,2,1,1),(8,'henry_horror','hp1234588','henry@example.com','Regular User','henry.jpg',0,0,'2025-03-09 10:54:49',0,0,0,0,0,0),(9,'isabel_youth','hp1234599','isabel@example.com','Regular User','isabel.jpg',0,12,'2025-03-09 10:54:49',1,2,3,1,1,0),(10,'jack_crime','hp12345100','jack@example.com','Regular User','jack.jpg',0,2,'2025-03-09 10:54:49',0,0,0,0,1,0),(11,'demo1','demo1234566','demo1@gmail.com','Regular User',NULL,0,0,'2025-03-29 11:20:26',0,0,0,0,0,0),(12,'demo2','demo2345677','demo2@gmail.com','Regular User',NULL,0,0,'2025-03-29 11:32:28',0,0,0,0,0,0),(13,'demo3','demo3456788','demo3@gmail.com','Regular User',NULL,0,0,'2025-03-29 11:35:37',0,0,0,0,0,0),(24,'user_1','1111','1@gmail.com','Regular User','profile_24_1752336107251.png',3,12,'2025-06-04 12:54:06',3,0,0,3,10,3),(26,'user_2','2222','2@gmail.com','Regular User','profile_26_1751260559365.png',0,3,'2025-06-04 21:44:42',0,0,0,0,1,0),(27,'user_3','3333','3@gmail.com','Regular User','profile_27_1749898275496.png',0,0,'2025-06-08 14:11:54',0,0,0,0,0,0),(28,'4444','4444','4@gmail.com','Regular User','profile_28_1749915220356.png',0,0,'2025-06-14 13:08:32',0,0,0,0,0,0),(29,'5555','5555','5@gmail.com','Regular User','profile_29_1749915585621.png',0,0,'2025-06-14 13:09:15',0,0,0,0,0,0),(30,'6666','6666','6@gmail.com','Regular User','profile_30_1750419115796.png',0,0,'2025-06-14 13:11:03',0,0,0,0,0,0),(31,'7777','7777','7@gmail.com','Regular User','profile_31_1751256430181.png',0,0,'2025-06-22 19:36:55',0,0,0,0,0,0),(32,'8888','8888','8@gmail.com','Regular User','demo_profile.png',0,0,'2025-06-22 19:40:41',0,0,0,0,0,0),(33,'1010101','1010','10@gmail.com','Regular User','demo_profile.png',0,0,'2025-06-22 20:31:28',0,0,0,0,0,0),(34,'9999','9999','9@gmail.com','Regular User','demo_profile.png',0,0,'2025-06-22 20:47:53',0,0,0,0,0,0),(35,'2020','2020','20@gmail.com','Regular User','demo_profile.png',0,0,'2025-06-26 19:30:04',0,0,0,0,0,0),(36,'3030','3030','30@gmail.com','Regular User','demo_profile.png',0,0,'2025-06-26 19:35:42',0,0,0,0,0,0),(37,'4040','4040','40@gmail.com','Regular User','demo_profile.png',0,0,'2025-06-26 19:36:45',0,0,0,0,0,0),(38,'lily evergarden','llll','lily@gmail.com','Regular User','demo_profile.png',0,1,'2025-07-12 18:20:28',0,0,0,0,0,0);
/*!40000 ALTER TABLE `users` ENABLE KEYS */;
UNLOCK TABLES;
/*!40103 SET TIME_ZONE=@OLD_TIME_ZONE */;

/*!40101 SET SQL_MODE=@OLD_SQL_MODE */;
/*!40014 SET FOREIGN_KEY_CHECKS=@OLD_FOREIGN_KEY_CHECKS */;
/*!40014 SET UNIQUE_CHECKS=@OLD_UNIQUE_CHECKS */;
/*!40101 SET CHARACTER_SET_CLIENT=@OLD_CHARACTER_SET_CLIENT */;
/*!40101 SET CHARACTER_SET_RESULTS=@OLD_CHARACTER_SET_RESULTS */;
/*!40101 SET COLLATION_CONNECTION=@OLD_COLLATION_CONNECTION */;
/*!40111 SET SQL_NOTES=@OLD_SQL_NOTES */;

-- Dump completed on 2025-07-20 21:54:11
